Workbook

Sheet 1.설정(통합)
A1: 항목 | B1: 따이 | C1: 린팍 | D1: 추언 | E1: 키우 | F1: 황피선
A2: 기본 정보
A3: 입 사 일 | B3: 46127 | C3: 46119 | D3: 46122 | E3: 46119 | F3: 46119
A4: 사원코드 | B4: 010 | D4: 009 | E4: 008
A5: 부서명 | B5: 생산부 | C5: 생산부 | D5: 생산부 | E5: 생산부 | F5: 건설현장
A6: 성명 | B6: 따이 | C6: 린팍 | D6: 트란 넉 추언 | E6: 다오 티엔 키우 | F6: 황피선
A7: 직급 | B7: 사원 | C7: 사원 | D7: 사원 | E7: 사원
A8: 예금주
A9: 계좌번호
A10: 기본 시급 | B10: 10320 | C10: 10320 | D10: 10320 | E10: 10320 | F10: 10320
A11: 연장/휴일 가산율 | B11: 1.5 | C11: 1.5 | D11: 1.5 | E11: 1.5 | F11: 1.5
A12: 휴일연장 가산율 | B12: 2 | C12: 2 | D12: 2 | E12: 2 | F12: 2
A13: 심야 가산율 | B13: 0.5 | C13: 0.5 | D13: 0.5 | E13: 0.5 | F13: 0.5
A14: 점심시간(시간) | B14: 1 | C14: 1 | D14: 1 | E14: 1 | F14: 1
A15: 변동/고정 수당
A16: 성과금 | B16: 0 | C16: 0 | D16: 0 | E16: 0 | F16: 0
A17: 식대 | B17: 0 | C17: 0 | D17: 0 | E17: 0 | F17: 0
A18: 자가운전보조비 | B18: 0 | C18: 0 | D18: 0 | E18: 0 | F18: 0
A19: 숙소료 | B19: 100000 | C19: 100000 | D19: 100000 | E19: 100000 | F19: 0
A20: 가불금 | B20: 120000 | C20: 120000 | D20: 120000 | E20: 120000 | F20: 0

Sheet 2.공휴일리스트
A1: 날짜 | B1: 공휴일명
A2: 46023 | B2: 신정
A3: 46082 | B3: 삼일절
A4: 46143 | B4: 근로자의날
A5: 46147 | B5: 어린이날
A6: 46179 | B6: 현충일
A7: 46249 | B7: 광복절
A8: 46298 | B8: 개천절
A9: 46304 | B9: 한글날
A10: 46381 | B10: 성탄절
A11: 46388 | B11: 신정
A12: 46447 | B12: 삼일절
A13: 46508 | B13: 근로자의날
... A46: 47842 | B46: 성탄절

Sheet 3.출퇴근기록부(통합)
A1: ▶ 연도/월 입력 | E1: 연도: | F1: 26 | G1: 월: | H1: 4
D2: 따이 | K2: 린팍 | R2: 추언 | Y2: 키우 | AF2: 황피선
A3: 일 | B3: 요일 | C3: 휴일 | D3: 출근 | E3: 퇴근 | F3: 기본 | G3: 연장 | H3: 휴일 | I3: 휴일연장 | J3: 심야 | K3: 출근 | L3: 퇴근 | M3: 기본 | N3: 연장 | O3: 휴일 | P3: 휴일연장 | Q3: 심야 | R3: 출근 | S3: 퇴근 | T3: 기본 | U3: 연장 | V3: 휴일 | W3: 휴일연장 | X3: 심야 | Y3: 출근 | Z3: 퇴근 | AA3: 기본 | AB3: 연장 | AC3: 휴일 | AD3: 휴일연장 | AE3: 심야 | AF3: 출근 | AG3: 퇴근 | AH3: 기본 | AI3: 연장 | AJ3: 휴일 | AK3: 휴일연장 | AL3: 심야
A4: =IFERROR(IF(DAY(DATE(2000+$F$1,$H$1+1,0))<1,"",DATE(2000+$F$1,$H$1,1)),"") -> 46113 | B4: =IF(A4="","",CHOOSE(WEEKDAY(A4),"일","월","화","수","목","금","토")) -> 수 | C4: =IF(A4="","",IF(OR(WEEKDAY(A4,2)>5,COUNTIF('2.공휴일리스트'!$A$2:$A$1000,A4)>0),"휴일","평일")) -> 평일 | F4: =IFERROR(IF(OR(D4="",E4=""),"",IF($C4="평일",MIN(8,MAX(0,(E4-D4)*24-'1.설정(통합)'!$B$14)),0)),"") | G4: =IFERROR(IF(OR(D4="",E4="",$C4="휴일"),"",IF((E4-D4)*24-'1.설정(통합)'!$B$14>8,(E4-D4)*24-'1.설정(통합)'!$B$14-8,0)),"") | H4: =IFERROR(IF(OR(D4="",E4="",$C4="평일"),"",MIN(8,MAX(0,(E4-D4)*24-'1.설정(통합)'!$B$14))),"") | I4: =IFERROR(IF(OR(D4="",E4="",$C4="평일"),"",IF((E4-D4)*24-'1.설정(통합)'!$B$14>8,(E4-D4)*24-'1.설정(통합)'!$B$14-8,0)),"") | J4: =IFERROR(IF(OR(D4="",E4=""),"",MAX(0,(MIN(E4,TIME(24,0,0)+TIME(6,0,0))-MAX(D4,TIME(22,0,0)))*24)+MAX(0,(MIN(E4,TIME(6,0,0))-MAX(D4,TIME(0,0,0)))*24)),"") | M4: =IFERROR(IF(OR(K4="",L4=""),"",IF($C4="평일",MIN(8,MAX(0,(L4-K4)*24-'1.설정(통합)'!$C$14)),0)),"") | N4: =IFERROR(IF(OR(K4="",L4="",$C4="휴일"),"",IF((L4-K4)*24-'1.설정(통합)'!$C$14>8,(L4-K4)*24-'1.설정(통합)'!$C$14-8,0)),"") | O4: =IFERROR(IF(OR(K4="",L4="",$C4="평일"),"",MIN(8,MAX(0,(L4-K4)*24-'1.설정(통합)'!$C$14))),"") | P4: =IFERROR(IF(OR(K4="",L4="",$C4="평일"),"",IF((L4-K4)*24-'1.설정(통합)'!$C$14>8,(L4-K4)*24-'1.설정(통합)'!$C$14-8,0)),"") | Q4: =IFERROR(IF(OR(K4="",L4=""),"",MAX(0,(MIN(L4,TIME(24,0,0)+TIME(6,0,0))-MAX(K4,TIME(22,0,0)))*24)+MAX(0,(MIN(L4,TIME(6,0,0))-MAX(K4,TIME(0,0,0)))*24)),"") | T4: =IFERROR(IF(OR(R4="",S4=""),"",IF($C4="평일",MIN(8,MAX(0,(S4-R4)*24-'1.설정(통합)'!$D$14)),0)),"") | U4: =IFERROR(IF(OR(R4="",S4="",$C4="휴일"),"",IF((S4-R4)*24-'1.설정(통합)'!$D$14>8,(S4-R4)*24-'1.설정(통합)'!$D$14-8,0)),"") | V4: =IFERROR(IF(OR(R4="",S4="",$C4="평일"),"",MIN(8,MAX(0,(S4-R4)*24-'1.설정(통합)'!$D$14))),"") | W4: =IFERROR(IF(OR(R4="",S4="",$C4="평일"),"",IF((S4-R4)*24-'1.설정(통합)'!$D$14>8,(S4-R4)*24-'1.설정(통합)'!$D$14-8,0)),"") | X4: =IFERROR(IF(OR(R4="",S4=""),"",MAX(0,(MIN(S4,TIME(24,0,0)+TIME(6,0,0))-MAX(R4,TIME(22,0,0)))*24)+MAX(0,(MIN(S4,TIME(6,0,0))-MAX(R4,TIME(0,0,0)))*24)),"") | AA4: =IFERROR(IF(OR(Y4="",Z4=""),"",IF($C4="평일",MIN(8,MAX(0,(Z4-Y4)*24-'1.설정(통합)'!$E$14)),0)),"") | AB4: =IFERROR(IF(OR(Y4="",Z4="",$C4="휴일"),"",IF((Z4-Y4)*24-'1.설정(통합)'!$E$14>8,(Z4-Y4)*24-'1.설정(통합)'!$E$14-8,0)),"") | AC4: =IFERROR(IF(OR(Y4="",Z4="",$C4="평일"),"",MIN(8,MAX(0,(Z4-Y4)*24-'1.설정(통합)'!$E$14))),"") | AD4: =IFERROR(IF(OR(Y4="",Z4="",$C4="평일"),"",IF((Z4-Y4)*24-'1.설정(통합)'!$E$14>8,(Z4-Y4)*24-'1.설정(통합)'!$E$14-8,0)),"") | AE4: =IFERROR(IF(OR(Y4="",Z4=""),"",MAX(0,(MIN(Z4,TIME(24,0,0)+TIME(6,0,0))-MAX(Y4,TIME(22,0,0)))*24)+MAX(0,(MIN(Z4,TIME(6,0,0))-MAX(Y4,TIME(0,0,0)))*24)),"") | AH4: =IFERROR(IF(OR(AF4="",AG4=""),"",IF($C4="평일",MIN(8,MAX(0,(AG4-AF4)*24-'1.설정(통합)'!$F$14)),0)),"") | AI4: =IFERROR(IF(OR(AF4="",AG4="",$C4="휴일"),"",IF((AG4-AF4)*24-'1.설정(통합)'!$F$14>8,(AG4-AF4)*24-'1.설정(통합)'!$F$14-8,0)),"") | AJ4: =IFERROR(IF(OR(AF4="",AG4="",$C4="평일"),"",MIN(8,MAX(0,(AG4-AF4)*24-'1.설정(통합)'!$F$14))),"") | AK4: =IFERROR(IF(OR(AF4="",AG4="",$C4="평일"),"",IF((AG4-AF4)*24-'1.설정(통합)'!$F$14>8,(AG4-AF4)*24-'1.설정(통합)'!$F$14-8,0)),"") | AL4: =IFERROR(IF(OR(AF4="",AG4=""),"",MAX(0,(MIN(AG4,TIME(24,0,0)+TIME(6,0,0))-MAX(AF4,TIME(22,0,0)))*24)+MAX(0,(MIN(AG4,TIME(6,0,0))-MAX(AF4,TIME(0,0,0)))*24)),"")
A5: =IFERROR(IF(DAY(DATE(2000+$F$1,$H$1+1,0))<2,"",DATE(2000+$F$1,$H$1,2)),"") -> 46114 | B5: =IF(A5="","",CHOOSE(WEEKDAY(A5),"일","월","화","수","목","금","토")) -> 목 | C5: =IF(A5="","",IF(OR(WEEKDAY(A5,2)>5,COUNTIF('2.공휴일리스트'!$A$2:$A$1000,A5)>0),"휴일","평일")) -> 평일 | F5: =IFERROR(IF(OR(D5="",E5=""),"",IF($C5="평일",MIN(8,MAX(0,(E5-D5)*24-'1.설정(통합)'!$B$14)),0)),"") | G5: =IFERROR(IF(OR(D5="",E5="",$C5="휴일"),"",IF((E5-D5)*24-'1.설정(통합)'!$B$14>8,(E5-D5)*24-'1.설정(통합)'!$B$14-8,0)),"") | H5: =IFERROR(IF(OR(D5="",E5="",$C5="평일"),"",MIN(8,MAX(0,(E5-D5)*24-'1.설정(통합)'!$B$14))),"") | I5: =IFERROR(IF(OR(D5="",E5="",$C5="평일"),"",IF((E5-D5)*24-'1.설정(통합)'!$B$14>8,(E5-D5)*24-'1.설정(통합)'!$B$14-8,0)),"") | J5: =IFERROR(IF(OR(D5="",E5=""),"",MAX(0,(MIN(E5,TIME(24,0,0)+TIME(6,0,0))-MAX(D5,TIME(22,0,0)))*24)+MAX(0,(MIN(E5,TIME(6,0,0))-MAX(D5,TIME(0,0,0)))*24)),"") | M5: =IFERROR(IF(OR(K5="",L5=""),"",IF($C5="평일",MIN(8,MAX(0,(L5-K5)*24-'1.설정(통합)'!$C$14)),0)),"") | N5: =IFERROR(IF(OR(K5="",L5="",$C5="휴일"),"",IF((L5-K5)*24-'1.설정(통합)'!$C$14>8,(L5-K5)*24-'1.설정(통합)'!$C$14-8,0)),"") | O5: =IFERROR(IF(OR(K5="",L5="",$C5="평일"),"",MIN(8,MAX(0,(L5-K5)*24-'1.설정(통합)'!$C$14))),"") | P5: =IFERROR(IF(OR(K5="",L5="",$C5="평일"),"",IF((L5-K5)*24-'1.설정(통합)'!$C$14>8,(L5-K5)*24-'1.설정(통합)'!$C$14-8,0)),"") | Q5: =IFERROR(IF(OR(K5="",L5=""),"",MAX(0,(MIN(L5,TIME(24,0,0)+TIME(6,0,0))-MAX(K5,TIME(22,0,0)))*24)+MAX(0,(MIN(L5,TIME(6,0,0))-MAX(K5,TIME(0,0,0)))*24)),"") | T5: =IFERROR(IF(OR(R5="",S5=""),"",IF($C5="평일",MIN(8,MAX(0,(S5-R5)*24-'1.설정(통합)'!$D$14)),0)),"") | U5: =IFERROR(IF(OR(R5="",S5="",$C5="휴일"),"",IF((S5-R5)*24-'1.설정(통합)'!$D$14>8,(S5-R5)*24-'1.설정(통합)'!$D$14-8,0)),"") | V5: =IFERROR(IF(OR(R5="",S5="",$C5="평일"),"",MIN(8,MAX(0,(S5-R5)*24-'1.설정(통합)'!$D$14))),"") | W5: =IFERROR(IF(OR(R5="",S5="",$C5="평일"),"",IF((S5-R5)*24-'1.설정(통합)'!$D$14>8,(S5-R5)*24-'1.설정(통합)'!$D$14-8,0)),"") | X5: =IFERROR(IF(OR(R5="",S5=""),"",MAX(0,(MIN(S5,TIME(24,0,0)+TIME(6,0,0))-MAX(R5,TIME(22,0,0)))*24)+MAX(0,(MIN(S5,TIME(6,0,0))-MAX(R5,TIME(0,0,0)))*24)),"") | AA5: =IFERROR(IF(OR(Y5="",Z5=""),"",IF($C5="평일",MIN(8,MAX(0,(Z5-Y5)*24-'1.설정(통합)'!$E$14)),0)),"") | AB5: =IFERROR(IF(OR(Y5="",Z5="",$C5="휴일"),"",IF((Z5-Y5)*24-'1.설정(통합)'!$E$14>8,(Z5-Y5)*24-'1.설정(통합)'!$E$14-8,0)),"") | AC5: =IFERROR(IF(OR(Y5="",Z5="",$C5="평일"),"",MIN(8,MAX(0,(Z5-Y5)*24-'1.설정(통합)'!$E$14))),"") | AD5: =IFERROR(IF(OR(Y5="",Z5="",$C5="평일"),"",IF((Z5-Y5)*24-'1.설정(통합)'!$E$14>8,(Z5-Y5)*24-'1.설정(통합)'!$E$14-8,0)),"") | AE5: =IFERROR(IF(OR(Y5="",Z5=""),"",MAX(0,(MIN(Z5,TIME(24,0,0)+TIME(6,0,0))-MAX(Y5,TIME(22,0,0)))*24)+MAX(0,(MIN(Z5,TIME(6,0,0))-MAX(Y5,TIME(0,0,0)))*24)),"") | AH5: =IFERROR(IF(OR(AF5="",AG5=""),"",IF($C5="평일",MIN(8,MAX(0,(AG5-AF5)*24-'1.설정(통합)'!$F$14)),0)),"") | AI5: =IFERROR(IF(OR(AF5="",AG5="",$C5="휴일"),"",IF((AG5-AF5)*24-'1.설정(통합)'!$F$14>8,(AG5-AF5)*24-'1.설정(통합)'!$F$14-8,0)),"") | AJ5: =IFERROR(IF(OR(AF5="",AG5="",$C5="평일"),"",MIN(8,MAX(0,(AG5-AF5)*24-'1.설정(통합)'!$F$14))),"") | AK5: =IFERROR(IF(OR(AF5="",AG5="",$C5="평일"),"",IF((AG5-AF5)*24-'1.설정(통합)'!$F$14>8,(AG5-AF5)*24-'1.설정(통합)'!$F$14-8,0)),"") | AL5: =IFERROR(IF(OR(AF5="",AG5=""),"",MAX(0,(MIN(AG5,TIME(24,0,0)+TIME(6,0,0))-MAX(AF5,TIME(22,0,0)))*24)+MAX(0,(MIN(AG5,TIME(6,0,0))-MAX(AF5,TIME(0,0,0)))*24)),"")
A6: =IFERROR(IF(DAY(DATE(2000+$F$1,$H$1+1,0))<3,"",DATE(2000+$F$1,$H$1,3)),"") -> 46115 | B6: =IF(A6="","",CHOOSE(WEEKDAY(A6),"일","월","화","수","목","금","토")) -> 금 | C6: =IF(A6="","",IF(OR(WEEKDAY(A6,2)>5,COUNTIF('2.공휴일리스트'!$A$2:$A$1000,A6)>0),"휴일","평일")) -> 평일 | F6: =IFERROR(IF(OR(D6="",E6=""),"",IF($C6="평일",MIN(8,MAX(0,(E6-D6)*24-'1.설정(통합)'!$B$14)),0)),"") | G6: =IFERROR(IF(OR(D6="",E6="",$C6="휴일"),"",IF((E6-D6)*24-'1.설정(통합)'!$B$14>8,(E6-D6)*24-'1.설정(통합)'!$B$14-8,0)),"") | H6: =IFERROR(IF(OR(D6="",E6="",$C6="평일"),"",MIN(8,MAX(0,(E6-D6)*24-'1.설정(통합)'!$B$14))),"") | I6: =IFERROR(IF(OR(D6="",E6="",$C6="평일"),"",IF((E6-D6)*24-'1.설정(통합)'!$B$14>8,(E6-D6)*24-'1.설정(통합)'!$B$14-8,0)),"") | J6: =IFERROR(IF(OR(D6="",E6=""),"",MAX(0,(MIN(E6,TIME(24,0,0)+TIME(6,0,0))-MAX(D6,TIME(22,0,0)))*24)+MAX(0,(MIN(E6,TIME(6,0,0))-MAX(D6,TIME(0,0,0)))*24)),"") | M6: =IFERROR(IF(OR(K6="",L6=""),"",IF($C6="평일",MIN(8,MAX(0,(L6-K6)*24-'1.설정(통합)'!$C$14)),0)),"") | N6: =IFERROR(IF(OR(K6="",L6="",$C6="휴일"),"",IF((L6-K6)*24-'1.설정(통합)'!$C$14>8,(L6-K6)*24-'1.설정(통합)'!$C$14-8,0)),"") | O6: =IFERROR(IF(OR(K6="",L6="",$C6="평일"),"",MIN(8,MAX(0,(L6-K6)*24-'1.설정(통합)'!$C$14))),"") | P6: =IFERROR(IF(OR(K6="",L6="",$C6="평일"),"",IF((L6-K6)*24-'1.설정(통합)'!$C$14>8,(L6-K6)*24-'1.설정(통합)'!$C$14-8,0)),"") | Q6: =IFERROR(IF(OR(K6="",L6=""),"",MAX(0,(MIN(L6,TIME(24,0,0)+TIME(6,0,0))-MAX(K6,TIME(22,0,0)))*24)+MAX(0,(MIN(L6,TIME(6,0,0))-MAX(K6,TIME(0,0,0)))*24)),"") | T6: =IFERROR(IF(OR(R6="",S6=""),"",IF($C6="평일",MIN(8,MAX(0,(S6-R6)*24-'1.설정(통합)'!$D$14)),0)),"") | U6: =IFERROR(IF(OR(R6="",S6="",$C6="휴일"),"",IF((S6-R6)*24-'1.설정(통합)'!$D$14>8,(S6-R6)*24-'1.설정(통합)'!$D$14-8,0)),"") | V6: =IFERROR(IF(OR(R6="",S6="",$C6="평일"),"",MIN(8,MAX(0,(S6-R6)*24-'1.설정(통합)'!$D$14))),"") | W6: =IFERROR(IF(OR(R6="",S6="",$C6="평일"),"",IF((S6-R6)*24-'1.설정(통합)'!$D$14>8,(S6-R6)*24-'1.설정(통합)'!$D$14-8,0)),"") | X6: =IFERROR(IF(OR(R6="",S6=""),"",MAX(0,(MIN(S6,TIME(24,0,0)+TIME(6,0,0))-MAX(R6,TIME(22,0,0)))*24)+MAX(0,(MIN(S6,TIME(6,0,0))-MAX(R6,TIME(0,0,0)))*24)),"") | AA6: =IFERROR(IF(OR(Y6="",Z6=""),"",IF($C6="평일",MIN(8,MAX(0,(Z6-Y6)*24-'1.설정(통합)'!$E$14)),0)),"") | AB6: =IFERROR(IF(OR(Y6="",Z6="",$C6="휴일"),"",IF((Z6-Y6)*24-'1.설정(통합)'!$E$14>8,(Z6-Y6)*24-'1.설정(통합)'!$E$14-8,0)),"") | AC6: =IFERROR(IF(OR(Y6="",Z6="",$C6="평일"),"",MIN(8,MAX(0,(Z6-Y6)*24-'1.설정(통합)'!$E$14))),"") | AD6: =IFERROR(IF(OR(Y6="",Z6="",$C6="평일"),"",IF((Z6-Y6)*24-'1.설정(통합)'!$E$14>8,(Z6-Y6)*24-'1.설정(통합)'!$E$14-8,0)),"") | AE6: =IFERROR(IF(OR(Y6="",Z6=""),"",MAX(0,(MIN(Z6,TIME(24,0,0)+TIME(6,0,0))-MAX(Y6,TIME(22,0,0)))*24)+MAX(0,(MIN(Z6,TIME(6,0,0))-MAX(Y6,TIME(0,0,0)))*24)),"") | AH6: =IFERROR(IF(OR(AF6="",AG6=""),"",IF($C6="평일",MIN(8,MAX(0,(AG6-AF6)*24-'1.설정(통합)'!$F$14)),0)),"") | AI6: =IFERROR(IF(OR(AF6="",AG6="",$C6="휴일"),"",IF((AG6-AF6)*24-'1.설정(통합)'!$F$14>8,(AG6-AF6)*24-'1.설정(통합)'!$F$14-8,0)),"") | AJ6: =IFERROR(IF(OR(AF6="",AG6="",$C6="평일"),"",MIN(8,MAX(0,(AG6-AF6)*24-'1.설정(통합)'!$F$14))),"") | AK6: =IFERROR(IF(OR(AF6="",AG6="",$C6="평일"),"",IF((AG6-AF6)*24-'1.설정(통합)'!$F$14>8,(AG6-AF6)*24-'1.설정(통합)'!$F$14-8,0)),"") | AL6: =IFERROR(IF(OR(AF6="",AG6=""),"",MAX(0,(MIN(AG6,TIME(24,0,0)+TIME(6,0,0))-MAX(AF6,TIME(22,0,0)))*24)+MAX(0,(MIN(AG6,TIME(6,0,0))-MAX(AF6,TIME(0,0,0)))*24)),"")
A7: =IFERROR(IF(DAY(DATE(2000+$F$1,$H$1+1,0))<4,"",DATE(2000+$F$1,$H$1,4)),"") -> 46116 | B7: =IF(A7="","",CHOOSE(WEEKDAY(A7),"일","월","화","수","목","금","토")) -> 토 | C7: =IF(A7="","",IF(OR(WEEKDAY(A7,2)>5,COUNTIF('2.공휴일리스트'!$A$2:$A$1000,A7)>0),"휴일","평일")) -> 휴일 | F7: =IFERROR(IF(OR(D7="",E7=""),"",IF($C7="평일",MIN(8,MAX(0,(E7-D7)*24-'1.설정(통합)'!$B$14)),0)),"") | G7: =IFERROR(IF(OR(D7="",E7="",$C7="휴일"),"",IF((E7-D7)*24-'1.설정(통합)'!$B$14>8,(E7-D7)*24-'1.설정(통합)'!$B$14-8,0)),"") | H7: =IFERROR(IF(OR(D7="",E7="",$C7="평일"),"",MIN(8,MAX(0,(E7-D7)*24-'1.설정(통합)'!$B$14))),"") | I7: =IFERROR(IF(OR(D7="",E7="",$C7="평일"),"",IF((E7-D7)*24-'1.설정(통합)'!$B$14>8,(E7-D7)*24-'1.설정(통합)'!$B$14-8,0)),"") | J7: =IFERROR(IF(OR(D7="",E7=""),"",MAX(0,(MIN(E7,TIME(24,0,0)+TIME(6,0,0))-MAX(D7,TIME(22,0,0)))*24)+MAX(0,(MIN(E7,TIME(6,0,0))-MAX(D7,TIME(0,0,0)))*24)),"") | M7: =IFERROR(IF(OR(K7="",L7=""),"",IF($C7="평일",MIN(8,MAX(0,(L7-K7)*24-'1.설정(통합)'!$C$14)),0)),"") | N7: =IFERROR(IF(OR(K7="",L7="",$C7="휴일"),"",IF((L7-K7)*24-'1.설정(통합)'!$C$14>8,(L7-K7)*24-'1.설정(통합)'!$C$14-8,0)),"") | O7: =IFERROR(IF(OR(K7="",L7="",$C7="평일"),"",MIN(8,MAX(0,(L7-K7)*24-'1.설정(통합)'!$C$14))),"") | P7: =IFERROR(IF(OR(K7="",L7="",$C7="평일"),"",IF((L7-K7)*24-'1.설정(통합)'!$C$14>8,(L7-K7)*24-'1.설정(통합)'!$C$14-8,0)),"") | Q7: =IFERROR(IF(OR(K7="",L7=""),"",MAX(0,(MIN(L7,TIME(24,0,0)+TIME(6,0,0))-MAX(K7,TIME(22,0,0)))*24)+MAX(0,(MIN(L7,TIME(6,0,0))-MAX(K7,TIME(0,0,0)))*24)),"") | T7: =IFERROR(IF(OR(R7="",S7=""),"",IF($C7="평일",MIN(8,MAX(0,(S7-R7)*24-'1.설정(통합)'!$D$14)),0)),"") | U7: =IFERROR(IF(OR(R7="",S7="",$C7="휴일"),"",IF((S7-R7)*24-'1.설정(통합)'!$D$14>8,(S7-R7)*24-'1.설정(통합)'!$D$14-8,0)),"") | V7: =IFERROR(IF(OR(R7="",S7="",$C7="평일"),"",MIN(8,MAX(0,(S7-R7)*24-'1.설정(통합)'!$D$14))),"") | W7: =IFERROR(IF(OR(R7="",S7="",$C7="평일"),"",IF((S7-R7)*24-'1.설정(통합)'!$D$14>8,(S7-R7)*24-'1.설정(통합)'!$D$14-8,0)),"") | X7: =IFERROR(IF(OR(R7="",S7=""),"",MAX(0,(MIN(S7,TIME(24,0,0)+TIME(6,0,0))-MAX(R7,TIME(22,0,0)))*24)+MAX(0,(MIN(S7,TIME(6,0,0))-MAX(R7,TIME(0,0,0)))*24)),"") | AA7: =IFERROR(IF(OR(Y7="",Z7=""),"",IF($C7="평일",MIN(8,MAX(0,(Z7-Y7)*24-'1.설정(통합)'!$E$14)),0)),"") | AB7: =IFERROR(IF(OR(Y7="",Z7="",$C7="휴일"),"",IF((Z7-Y7)*24-'1.설정(통합)'!$E$14>8,(Z7-Y7)*24-'1.설정(통합)'!$E$14-8,0)),"") | AC7: =IFERROR(IF(OR(Y7="",Z7="",$C7="평일"),"",MIN(8,MAX(0,(Z7-Y7)*24-'1.설정(통합)'!$E$14))),"") | AD7: =IFERROR(IF(OR(Y7="",Z7="",$C7="평일"),"",IF((Z7-Y7)*24-'1.설정(통합)'!$E$14>8,(Z7-Y7)*24-'1.설정(통합)'!$E$14-8,0)),"") | AE7: =IFERROR(IF(OR(Y7="",Z7=""),"",MAX(0,(MIN(Z7,TIME(24,0,0)+TIME(6,0,0))-MAX(Y7,TIME(22,0,0)))*24)+MAX(0,(MIN(Z7,TIME(6,0,0))-MAX(Y7,TIME(0,0,0)))*24)),"") | AH7: =IFERROR(IF(OR(AF7="",AG7=""),"",IF($C7="평일",MIN(8,MAX(0,(AG7-AF7)*24-'1.설정(통합)'!$F$14)),0)),"") | AI7: =IFERROR(IF(OR(AF7="",AG7="",$C7="휴일"),"",IF((AG7-AF7)*24-'1.설정(통합)'!$F$14>8,(AG7-AF7)*24-'1.설정(통합)'!$F$14-8,0)),"") | AJ7: =IFERROR(IF(OR(AF7="",AG7="",$C7="평일"),"",MIN(8,MAX(0,(AG7-AF7)*24-'1.설정(통합)'!$F$14))),"") | AK7: =IFERROR(IF(OR(AF7="",AG7="",$C7="평일"),"",IF((AG7-AF7)*24-'1.설정(통합)'!$F$14>8,(AG7-AF7)*24-'1.설정(통합)'!$F$14-8,0)),"") | AL7: =IFERROR(IF(OR(AF7="",AG7=""),"",MAX(0,(MIN(AG7,TIME(24,0,0)+TIME(6,0,0))-MAX(AF7,TIME(22,0,0)))*24)+MAX(0,(MIN(AG7,TIME(6,0,0))-MAX(AF7,TIME(0,0,0)))*24)),"")
A8: =IFERROR(IF(DAY(DATE(2000+$F$1,$H$1+1,0))<5,"",DATE(2000+$F$1,$H$1,5)),"") -> 46117 | B8: =IF(A8="","",CHOOSE(WEEKDAY(A8),"일","월","화","수","목","금","토")) -> 일 | C8: =IF(A8="","",IF(OR(WEEKDAY(A8,2)>5,COUNTIF('2.공휴일리스트'!$A$2:$A$1000,A8)>0),"휴일","평일")) -> 휴일 | F8: =IFERROR(IF(OR(D8="",E8=""),"",IF($C8="평일",MIN(8,MAX(0,(E8-D8)*24-'1.설정(통합)'!$B$14)),0)),"") | G8: =IFERROR(IF(OR(D8="",E8="",$C8="휴일"),"",IF((E8-D8)*24-'1.설정(통합)'!$B$14>8,(E8-D8)*24-'1.설정(통합)'!$B$14-8,0)),"") | H8: =IFERROR(IF(OR(D8="",E8="",$C8="평일"),"",MIN(8,MAX(0,(E8-D8)*24-'1.설정(통합)'!$B$14))),"") | I8: =IFERROR(IF(OR(D8="",E8="",$C8="평일"),"",IF((E8-D8)*24-'1.설정(통합)'!$B$14>8,(E8-D8)*24-'1.설정(통합)'!$B$14-8,0)),"") | J8: =IFERROR(IF(OR(D8="",E8=""),"",MAX(0,(MIN(E8,TIME(24,0,0)+TIME(6,0,0))-MAX(D8,TIME(22,0,0)))*24)+MAX(0,(MIN(E8,TIME(6,0,0))-MAX(D8,TIME(0,0,0)))*24)),"") | M8: =IFERROR(IF(OR(K8="",L8=""),"",IF($C8="평일",MIN(8,MAX(0,(L8-K8)*24-'1.설정(통합)'!$C$14)),0)),"") | N8: =IFERROR(IF(OR(K8="",L8="",$C8="휴일"),"",IF((L8-K8)*24-'1.설정(통합)'!$C$14>8,(L8-K8)*24-'1.설정(통합)'!$C$14-8,0)),"") | O8: =IFERROR(IF(OR(K8="",L8="",$C8="평일"),"",MIN(8,MAX(0,(L8-K8)*24-'1.설정(통합)'!$C$14))),"") | P8: =IFERROR(IF(OR(K8="",L8="",$C8="평일"),"",IF((L8-K8)*24-'1.설정(통합)'!$C$14>8,(L8-K8)*24-'1.설정(통합)'!$C$14-8,0)),"") | Q8: =IFERROR(IF(OR(K8="",L8=""),"",MAX(0,(MIN(L8,TIME(24,0,0)+TIME(6,0,0))-MAX(K8,TIME(22,0,0)))*24)+MAX(0,(MIN(L8,TIME(6,0,0))-MAX(K8,TIME(0,0,0)))*24)),"") | T8: =IFERROR(IF(OR(R8="",S8=""),"",IF($C8="평일",MIN(8,MAX(0,(S8-R8)*24-'1.설정(통합)'!$D$14)),0)),"") | U8: =IFERROR(IF(OR(R8="",S8="",$C8="휴일"),"",IF((S8-R8)*24-'1.설정(통합)'!$D$14>8,(S8-R8)*24-'1.설정(통합)'!$D$14-8,0)),"") | V8: =IFERROR(IF(OR(R8="",S8="",$C8="평일"),"",MIN(8,MAX(0,(S8-R8)*24-'1.설정(통합)'!$D$14))),"") | W8: =IFERROR(IF(OR(R8="",S8="",$C8="평일"),"",IF((S8-R8)*24-'1.설정(통합)'!$D$14>8,(S8-R8)*24-'1.설정(통합)'!$D$14-8,0)),"") | X8: =IFERROR(IF(OR(R8="",S8=""),"",MAX(0,(MIN(S8,TIME(24,0,0)+TIME(6,0,0))-MAX(R8,TIME(22,0,0)))*24)+MAX(0,(MIN(S8,TIME(6,0,0))-MAX(R8,TIME(0,0,0)))*24)),"") | AA8: =IFERROR(IF(OR(Y8="",Z8=""),"",IF($C8="평일",MIN(8,MAX(0,(Z8-Y8)*24-'1.설정(통합)'!$E$14)),0)),"") | AB8: =IFERROR(IF(OR(Y8="",Z8="",$C8="휴일"),"",IF((Z8-Y8)*24-'1.설정(통합)'!$E$14>8,(Z8-Y8)*24-'1.설정(통합)'!$E$14-8,0)),"") | AC8: =IFERROR(IF(OR(Y8="",Z8="",$C8="평일"),"",MIN(8,MAX(0,(Z8-Y8)*24-'1.설정(통합)'!$E$14))),"") | AD8: =IFERROR(IF(OR(Y8="",Z8="",$C8="평일"),"",IF((Z8-Y8)*24-'1.설정(통합)'!$E$14>8,(Z8-Y8)*24-'1.설정(통합)'!$E$14-8,0)),"") | AE8: =IFERROR(IF(OR(Y8="",Z8=""),"",MAX(0,(MIN(Z8,TIME(24,0,0)+TIME(6,0,0))-MAX(Y8,TIME(22,0,0)))*24)+MAX(0,(MIN(Z8,TIME(6,0,0))-MAX(Y8,TIME(0,0,0)))*24)),"") | AH8: =IFERROR(IF(OR(AF8="",AG8=""),"",IF($C8="평일",MIN(8,MAX(0,(AG8-AF8)*24-'1.설정(통합)'!$F$14)),0)),"") | AI8: =IFERROR(IF(OR(AF8="",AG8="",$C8="휴일"),"",IF((AG8-AF8)*24-'1.설정(통합)'!$F$14>8,(AG8-AF8)*24-'1.설정(통합)'!$F$14-8,0)),"") | AJ8: =IFERROR(IF(OR(AF8="",AG8="",$C8="평일"),"",MIN(8,MAX(0,(AG8-AF8)*24-'1.설정(통합)'!$F$14))),"") | AK8: =IFERROR(IF(OR(AF8="",AG8="",$C8="평일"),"",IF((AG8-AF8)*24-'1.설정(통합)'!$F$14>8,(AG8-AF8)*24-'1.설정(통합)'!$F$14-8,0)),"") | AL8: =IFERROR(IF(OR(AF8="",AG8=""),"",MAX(0,(MIN(AG8,TIME(24,0,0)+TIME(6,0,0))-MAX(AF8,TIME(22,0,0)))*24)+MAX(0,(MIN(AG8,TIME(6,0,0))-MAX(AF8,TIME(0,0,0)))*24)),"")
A9: =IFERROR(IF(DAY(DATE(2000+$F$1,$H$1+1,0))<6,"",DATE(2000+$F$1,$H$1,6)),"") -> 46118 | B9: =IF(A9="","",CHOOSE(WEEKDAY(A9),"일","월","화","수","목","금","토")) -> 월 | C9: =IF(A9="","",IF(OR(WEEKDAY(A9,2)>5,COUNTIF('2.공휴일리스트'!$A$2:$A$1000,A9)>0),"휴일","평일")) -> 평일 | F9: =IFERROR(IF(OR(D9="",E9=""),"",IF($C9="평일",MIN(8,MAX(0,(E9-D9)*24-'1.설정(통합)'!$B$14)),0)),"") | G9: =IFERROR(IF(OR(D9="",E9="",$C9="휴일"),"",IF((E9-D9)*24-'1.설정(통합)'!$B$14>8,(E9-D9)*24-'1.설정(통합)'!$B$14-8,0)),"") | H9: =IFERROR(IF(OR(D9="",E9="",$C9="평일"),"",MIN(8,MAX(0,(E9-D9)*24-'1.설정(통합)'!$B$14))),"") | I9: =IFERROR(IF(OR(D9="",E9="",$C9="평일"),"",IF((E9-D9)*24-'1.설정(통합)'!$B$14>8,(E9-D9)*24-'1.설정(통합)'!$B$14-8,0)),"") | J9: =IFERROR(IF(OR(D9="",E9=""),"",MAX(0,(MIN(E9,TIME(24,0,0)+TIME(6,0,0))-MAX(D9,TIME(22,0,0)))*24)+MAX(0,(MIN(E9,TIME(6,0,0))-MAX(D9,TIME(0,0,0)))*24)),"") | K9: 0.33333333 | L9: 0.70833333 | M9: =IFERROR(IF(OR(K9="",L9=""),"",IF($C9="평일",MIN(8,MAX(0,(L9-K9)*24-'1.설정(통합)'!$C$14)),0)),"") -> 8 | N9: =IFERROR(IF(OR(K9="",L9="",$C9="휴일"),"",IF((L9-K9)*24-'1.설정(통합)'!$C$14>8,(L9-K9)*24-'1.설정(통합)'!$C$14-8,0)),"") -> 0 | O9: =IFERROR(IF(OR(K9="",L9="",$C9="평일"),"",MIN(8,MAX(0,(L9-K9)*24-'1.설정(통합)'!$C$14))),"") | P9: =IFERROR(IF(OR(K9="",L9="",$C9="평일"),"",IF((L9-K9)*24-'1.설정(통합)'!$C$14>8,(L9-K9)*24-'1.설정(통합)'!$C$14-8,0)),"") | Q9: =IFERROR(IF(OR(K9="",L9=""),"",MAX(0,(MIN(L9,TIME(24,0,0)+TIME(6,0,0))-MAX(K9,TIME(22,0,0)))*24)+MAX(0,(MIN(L9,TIME(6,0,0))-MAX(K9,TIME(0,0,0)))*24)),"") -> 0 | T9: =IFERROR(IF(OR(R9="",S9=""),"",IF($C9="평일",MIN(8,MAX(0,(S9-R9)*24-'1.설정(통합)'!$D$14)),0)),"") | U9: =IFERROR(IF(OR(R9="",S9="",$C9="휴일"),"",IF((S9-R9)*24-'1.설정(통합)'!$D$14>8,(S9-R9)*24-'1.설정(통합)'!$D$14-8,0)),"") | V9: =IFERROR(IF(OR(R9="",S9="",$C9="평일"),"",MIN(8,MAX(0,(S9-R9)*24-'1.설정(통합)'!$D$14))),"") | W9: =IFERROR(IF(OR(R9="",S9="",$C9="평일"),"",IF((S9-R9)*24-'1.설정(통합)'!$D$14>8,(S9-R9)*24-'1.설정(통합)'!$D$14-8,0)),"") | X9: =IFERROR(IF(OR(R9="",S9=""),"",MAX(0,(MIN(S9,TIME(24,0,0)+TIME(6,0,0))-MAX(R9,TIME(22,0,0)))*24)+MAX(0,(MIN(S9,TIME(6,0,0))-MAX(R9,TIME(0,0,0)))*24)),"") | AA9: =IFERROR(IF(OR(Y9="",Z9=""),"",IF($C9="평일",MIN(8,MAX(0,(Z9-Y9)*24-'1.설정(통합)'!$E$14)),0)),"") | AB9: =IFERROR(IF(OR(Y9="",Z9="",$C9="휴일"),"",IF((Z9-Y9)*24-'1.설정(통합)'!$E$14>8,(Z9-Y9)*24-'1.설정(통합)'!$E$14-8,0)),"") | AC9: =IFERROR(IF(OR(Y9="",Z9="",$C9="평일"),"",MIN(8,MAX(0,(Z9-Y9)*24-'1.설정(통합)'!$E$14))),"") | AD9: =IFERROR(IF(OR(Y9="",Z9="",$C9="평일"),"",IF((Z9-Y9)*24-'1.설정(통합)'!$E$14>8,(Z9-Y9)*24-'1.설정(통합)'!$E$14-8,0)),"") | AE9: =IFERROR(IF(OR(Y9="",Z9=""),"",MAX(0,(MIN(Z9,TIME(24,0,0)+TIME(6,0,0))-MAX(Y9,TIME(22,0,0)))*24)+MAX(0,(MIN(Z9,TIME(6,0,0))-MAX(Y9,TIME(0,0,0)))*24)),"") | AF9: 0.33333333 | AG9: 0.70833333 | AH9: =IFERROR(IF(OR(AF9="",AG9=""),"",IF($C9="평일",MIN(8,MAX(0,(AG9-AF9)*24-'1.설정(통합)'!$F$14)),0)),"") -> 8 | AI9: =IFERROR(IF(OR(AF9="",AG9="",$C9="휴일"),"",IF((AG9-AF9)*24-'1.설정(통합)'!$F$14>8,(AG9-AF9)*24-'1.설정(통합)'!$F$14-8,0)),"") -> 0 | AJ9: =IFERROR(IF(OR(AF9="",AG9="",$C9="평일"),"",MIN(8,MAX(0,(AG9-AF9)*24-'1.설정(통합)'!$F$14))),"") | AK9: =IFERROR(IF(OR(AF9="",AG9="",$C9="평일"),"",IF((AG9-AF9)*24-'1.설정(통합)'!$F$14>8,(AG9-AF9)*24-'1.설정(통합)'!$F$14-8,0)),"") | AL9: =IFERROR(IF(OR(AF9="",AG9=""),"",MAX(0,(MIN(AG9,TIME(24,0,0)+TIME(6,0,0))-MAX(AF9,TIME(22,0,0)))*24)+MAX(0,(MIN(AG9,TIME(6,0,0))-MAX(AF9,TIME(0,0,0)))*24)),"") -> 0
A10: =IFERROR(IF(DAY(DATE(2000+$F$1,$H$1+1,0))<7,"",DATE(2000+$F$1,$H$1,7)),"") -> 46119 | B10: =IF(A10="","",CHOOSE(WEEKDAY(A10),"일","월","화","수","목","금","토")) -> 화 | C10: =IF(A10="","",IF(OR(WEEKDAY(A10,2)>5,COUNTIF('2.공휴일리스트'!$A$2:$A$1000,A10)>0),"휴일","평일")) -> 평일 | F10: =IFERROR(IF(OR(D10="",E10=""),"",IF($C10="평일",MIN(8,MAX(0,(E10-D10)*24-'1.설정(통합)'!$B$14)),0)),"") | G10: =IFERROR(IF(OR(D10="",E10="",$C10="휴일"),"",IF((E10-D10)*24-'1.설정(통합)'!$B$14>8,(E10-D10)*24-'1.설정(통합)'!$B$14-8,0)),"") | H10: =IFERROR(IF(OR(D10="",E10="",$C10="평일"),"",MIN(8,MAX(0,(E10-D10)*24-'1.설정(통합)'!$B$14))),"") | I10: =IFERROR(IF(OR(D10="",E10="",$C10="평일"),"",IF((E10-D10)*24-'1.설정(통합)'!$B$14>8,(E10-D10)*24-'1.설정(통합)'!$B$14-8,0)),"") | J10: =IFERROR(IF(OR(D10="",E10=""),"",MAX(0,(MIN(E10,TIME(24,0,0)+TIME(6,0,0))-MAX(D10,TIME(22,0,0)))*24)+MAX(0,(MIN(E10,TIME(6,0,0))-MAX(D10,TIME(0,0,0)))*24)),"") | K10: 0.33333333 | L10: 0.70833333 | M10: =IFERROR(IF(OR(K10="",L10=""),"",IF($C10="평일",MIN(8,MAX(0,(L10-K10)*24-'1.설정(통합)'!$C$14)),0)),"") -> 8 | N10: =IFERROR(IF(OR(K10="",L10="",$C10="휴일"),"",IF((L10-K10)*24-'1.설정(통합)'!$C$14>8,(L10-K10)*24-'1.설정(통합)'!$C$14-8,0)),"") -> 0 | O10: =IFERROR(IF(OR(K10="",L10="",$C10="평일"),"",MIN(8,MAX(0,(L10-K10)*24-'1.설정(통합)'!$C$14))),"") | P10: =IFERROR(IF(OR(K10="",L10="",$C10="평일"),"",IF((L10-K10)*24-'1.설정(통합)'!$C$14>8,(L10-K10)*24-'1.설정(통합)'!$C$14-8,0)),"") | Q10: =IFERROR(IF(OR(K10="",L10=""),"",MAX(0,(MIN(L10,TIME(24,0,0)+TIME(6,0,0))-MAX(K10,TIME(22,0,0)))*24)+MAX(0,(MIN(L10,TIME(6,0,0))-MAX(K10,TIME(0,0,0)))*24)),"") -> 0 | T10: =IFERROR(IF(OR(R10="",S10=""),"",IF($C10="평일",MIN(8,MAX(0,(S10-R10)*24-'1.설정(통합)'!$D$14)),0)),"") | U10: =IFERROR(IF(OR(R10="",S10="",$C10="휴일"),"",IF((S10-R10)*24-'1.설정(통합)'!$D$14>8,(S10-R10)*24-'1.설정(통합)'!$D$14-8,0)),"") | V10: =IFERROR(IF(OR(R10="",S10="",$C10="평일"),"",MIN(8,MAX(0,(S10-R10)*24-'1.설정(통합)'!$D$14))),"") | W10: =IFERROR(IF(OR(R10="",S10="",$C10="평일"),"",IF((S10-R10)*24-'1.설정(통합)'!$D$14>8,(S10-R10)*24-'1.설정(통합)'!$D$14-8,0)),"") | X10: =IFERROR(IF(OR(R10="",S10=""),"",MAX(0,(MIN(S10,TIME(24,0,0)+TIME(6,0,0))-MAX(R10,TIME(22,0,0)))*24)+MAX(0,(MIN(S10,TIME(6,0,0))-MAX(R10,TIME(0,0,0)))*24)),"") | Y10: 0.33333333 | Z10: 0.70833333 | AA10: =IFERROR(IF(OR(Y10="",Z10=""),"",IF($C10="평일",MIN(8,MAX(0,(Z10-Y10)*24-'1.설정(통합)'!$E$14)),0)),"") -> 8 | AB10: =IFERROR(IF(OR(Y10="",Z10="",$C10="휴일"),"",IF((Z10-Y10)*24-'1.설정(통합)'!$E$14>8,(Z10-Y10)*24-'1.설정(통합)'!$E$14-8,0)),"") -> 0 | AC10: =IFERROR(IF(OR(Y10="",Z10="",$C10="평일"),"",MIN(8,MAX(0,(Z10-Y10)*24-'1.설정(통합)'!$E$14))),"") | AD10: =IFERROR(IF(OR(Y10="",Z10="",$C10="평일"),"",IF((Z10-Y10)*24-'1.설정(통합)'!$E$14>8,(Z10-Y10)*24-'1.설정(통합)'!$E$14-8,0)),"") | AE10: =IFERROR(IF(OR(Y10="",Z10=""),"",MAX(0,(MIN(Z10,TIME(24,0,0)+TIME(6,0,0))-MAX(Y10,TIME(22,0,0)))*24)+MAX(0,(MIN(Z10,TIME(6,0,0))-MAX(Y10,TIME(0,0,0)))*24)),"") -> 0 | AF10: 0.33333333 | AG10: 0.70833333 | AH10: =IFERROR(IF(OR(AF10="",AG10=""),"",IF($C10="평일",MIN(8,MAX(0,(AG10-AF10)*24-'1.설정(통합)'!$F$14)),0)),"") -> 8 | AI10: =IFERROR(IF(OR(AF10="",AG10="",$C10="휴일"),"",IF((AG10-AF10)*24-'1.설정(통합)'!$F$14>8,(AG10-AF10)*24-'1.설정(통합)'!$F$14-8,0)),"") -> 0 | AJ10: =IFERROR(IF(OR(AF10="",AG10="",$C10="평일"),"",MIN(8,MAX(0,(AG10-AF10)*24-'1.설정(통합)'!$F$14))),"") | AK10: =IFERROR(IF(OR(AF10="",AG10="",$C10="평일"),"",IF((AG10-AF10)*24-'1.설정(통합)'!$F$14>8,(AG10-AF10)*24-'1.설정(통합)'!$F$14-8,0)),"") | AL10: =IFERROR(IF(OR(AF10="",AG10=""),"",MAX(0,(MIN(AG10,TIME(24,0,0)+TIME(6,0,0))-MAX(AF10,TIME(22,0,0)))*24)+MAX(0,(MIN(AG10,TIME(6,0,0))-MAX(AF10,TIME(0,0,0)))*24)),"") -> 0
A11: =IFERROR(IF(DAY(DATE(2000+$F$1,$H$1+1,0))<8,"",DATE(2000+$F$1,$H$1,8)),"") -> 46120 | B11: =IF(A11="","",CHOOSE(WEEKDAY(A11),"일","월","화","수","목","금","토")) -> 수 | C11: =IF(A11="","",IF(OR(WEEKDAY(A11,2)>5,COUNTIF('2.공휴일리스트'!$A$2:$A$1000,A11)>0),"휴일","평일")) -> 평일 | F11: =IFERROR(IF(OR(D11="",E11=""),"",IF($C11="평일",MIN(8,MAX(0,(E11-D11)*24-'1.설정(통합)'!$B$14)),0)),"") | G11: =IFERROR(IF(OR(D11="",E11="",$C11="휴일"),"",IF((E11-D11)*24-'1.설정(통합)'!$B$14>8,(E11-D11)*24-'1.설정(통합)'!$B$14-8,0)),"") | H11: =IFERROR(IF(OR(D11="",E11="",$C11="평일"),"",MIN(8,MAX(0,(E11-D11)*24-'1.설정(통합)'!$B$14))),"") | I11: =IFERROR(IF(OR(D11="",E11="",$C11="평일"),"",IF((E11-D11)*24-'1.설정(통합)'!$B$14>8,(E11-D11)*24-'1.설정(통합)'!$B$14-8,0)),"") | J11: =IFERROR(IF(OR(D11="",E11=""),"",MAX(0,(MIN(E11,TIME(24,0,0)+TIME(6,0,0))-MAX(D11,TIME(22,0,0)))*24)+MAX(0,(MIN(E11,TIME(6,0,0))-MAX(D11,TIME(0,0,0)))*24)),"") | K11: 0.33333333 | L11: 0.70833333 | M11: =IFERROR(IF(OR(K11="",L11=""),"",IF($C11="평일",MIN(8,MAX(0,(L11-K11)*24-'1.설정(통합)'!$C$14)),0)),"") -> 8 | N11: =IFERROR(IF(OR(K11="",L11="",$C11="휴일"),"",IF((L11-K11)*24-'1.설정(통합)'!$C$14>8,(L11-K11)*24-'1.설정(통합)'!$C$14-8,0)),"") -> 0 | O11: =IFERROR(IF(OR(K11="",L11="",$C11="평일"),"",MIN(8,MAX(0,(L11-K11)*24-'1.설정(통합)'!$C$14))),"") | P11: =IFERROR(IF(OR(K11="",L11="",$C11="평일"),"",IF((L11-K11)*24-'1.설정(통합)'!$C$14>8,(L11-K11)*24-'1.설정(통합)'!$C$14-8,0)),"") | Q11: =IFERROR(IF(OR(K11="",L11=""),"",MAX(0,(MIN(L11,TIME(24,0,0)+TIME(6,0,0))-MAX(K11,TIME(22,0,0)))*24)+MAX(0,(MIN(L11,TIME(6,0,0))-MAX(K11,TIME(0,0,0)))*24)),"") -> 0 | T11: =IFERROR(IF(OR(R11="",S11=""),"",IF($C11="평일",MIN(8,MAX(0,(S11-R11)*24-'1.설정(통합)'!$D$14)),0)),"") | U11: =IFERROR(IF(OR(R11="",S11="",$C11="휴일"),"",IF((S11-R11)*24-'1.설정(통합)'!$D$14>8,(S11-R11)*24-'1.설정(통합)'!$D$14-8,0)),"") | V11: =IFERROR(IF(OR(R11="",S11="",$C11="평일"),"",MIN(8,MAX(0,(S11-R11)*24-'1.설정(통합)'!$D$14))),"") | W11: =IFERROR(IF(OR(R11="",S11="",$C11="평일"),"",IF((S11-R11)*24-'1.설정(통합)'!$D$14>8,(S11-R11)*24-'1.설정(통합)'!$D$14-8,0)),"") | X11: =IFERROR(IF(OR(R11="",S11=""),"",MAX(0,(MIN(S11,TIME(24,0,0)+TIME(6,0,0))-MAX(R11,TIME(22,0,0)))*24)+MAX(0,(MIN(S11,TIME(6,0,0))-MAX(R11,TIME(0,0,0)))*24)),"") | Y11: 0.33333333 | Z11: 0.70833333 | AA11: =IFERROR(IF(OR(Y11="",Z11=""),"",IF($C11="평일",MIN(8,MAX(0,(Z11-Y11)*24-'1.설정(통합)'!$E$14)),0)),"") -> 8 | AB11: =IFERROR(IF(OR(Y11="",Z11="",$C11="휴일"),"",IF((Z11-Y11)*24-'1.설정(통합)'!$E$14>8,(Z11-Y11)*24-'1.설정(통합)'!$E$14-8,0)),"") -> 0 | AC11: =IFERROR(IF(OR(Y11="",Z11="",$C11="평일"),"",MIN(8,MAX(0,(Z11-Y11)*24-'1.설정(통합)'!$E$14))),"") | AD11: =IFERROR(IF(OR(Y11="",Z11="",$C11="평일"),"",IF((Z11-Y11)*24-'1.설정(통합)'!$E$14>8,(Z11-Y11)*24-'1.설정(통합)'!$E$14-8,0)),"") | AE11: =IFERROR(IF(OR(Y11="",Z11=""),"",MAX(0,(MIN(Z11,TIME(24,0,0)+TIME(6,0,0))-MAX(Y11,TIME(22,0,0)))*24)+MAX(0,(MIN(Z11,TIME(6,0,0))-MAX(Y11,TIME(0,0,0)))*24)),"") -> 0 | AF11: 0.33333333 | AG11: 0.70833333 | AH11: =IFERROR(IF(OR(AF11="",AG11=""),"",IF($C11="평일",MIN(8,MAX(0,(AG11-AF11)*24-'1.설정(통합)'!$F$14)),0)),"") -> 8 | AI11: =IFERROR(IF(OR(AF11="",AG11="",$C11="휴일"),"",IF((AG11-AF11)*24-'1.설정(통합)'!$F$14>8,(AG11-AF11)*24-'1.설정(통합)'!$F$14-8,0)),"") -> 0 | AJ11: =IFERROR(IF(OR(AF11="",AG11="",$C11="평일"),"",MIN(8,MAX(0,(AG11-AF11)*24-'1.설정(통합)'!$F$14))),"") | AK11: =IFERROR(IF(OR(AF11="",AG11="",$C11="평일"),"",IF((AG11-AF11)*24-'1.설정(통합)'!$F$14>8,(AG11-AF11)*24-'1.설정(통합)'!$F$14-8,0)),"") | AL11: =IFERROR(IF(OR(AF11="",AG11=""),"",MAX(0,(MIN(AG11,TIME(24,0,0)+TIME(6,0,0))-MAX(AF11,TIME(22,0,0)))*24)+MAX(0,(MIN(AG11,TIME(6,0,0))-MAX(AF11,TIME(0,0,0)))*24)),"") -> 0
A12: =IFERROR(IF(DAY(DATE(2000+$F$1,$H$1+1,0))<9,"",DATE(2000+$F$1,$H$1,9)),"") -> 46121 | B12: =IF(A12="","",CHOOSE(WEEKDAY(A12),"일","월","화","수","목","금","토")) -> 목 | C12: =IF(A12="","",IF(OR(WEEKDAY(A12,2)>5,COUNTIF('2.공휴일리스트'!$A$2:$A$1000,A12)>0),"휴일","평일")) -> 평일 | F12: =IFERROR(IF(OR(D12="",E12=""),"",IF($C12="평일",MIN(8,MAX(0,(E12-D12)*24-'1.설정(통합)'!$B$14)),0)),"") | G12: =IFERROR(IF(OR(D12="",E12="",$C12="휴일"),"",IF((E12-D12)*24-'1.설정(통합)'!$B$14>8,(E12-D12)*24-'1.설정(통합)'!$B$14-8,0)),"") | H12: =IFERROR(IF(OR(D12="",E12="",$C12="평일"),"",MIN(8,MAX(0,(E12-D12)*24-'1.설정(통합)'!$B$14))),"") | I12: =IFERROR(IF(OR(D12="",E12="",$C12="평일"),"",IF((E12-D12)*24-'1.설정(통합)'!$B$14>8,(E12-D12)*24-'1.설정(통합)'!$B$14-8,0)),"") | J12: =IFERROR(IF(OR(D12="",E12=""),"",MAX(0,(MIN(E12,TIME(24,0,0)+TIME(6,0,0))-MAX(D12,TIME(22,0,0)))*24)+MAX(0,(MIN(E12,TIME(6,0,0))-MAX(D12,TIME(0,0,0)))*24)),"") | K12: 0.33333333 | L12: 0.70833333 | M12: =IFERROR(IF(OR(K12="",L12=""),"",IF($C12="평일",MIN(8,MAX(0,(L12-K12)*24-'1.설정(통합)'!$C$14)),0)),"") -> 8 | N12: =IFERROR(IF(OR(K12="",L12="",$C12="휴일"),"",IF((L12-K12)*24-'1.설정(통합)'!$C$14>8,(L12-K12)*24-'1.설정(통합)'!$C$14-8,0)),"") -> 0 | O12: =IFERROR(IF(OR(K12="",L12="",$C12="평일"),"",MIN(8,MAX(0,(L12-K12)*24-'1.설정(통합)'!$C$14))),"") | P12: =IFERROR(IF(OR(K12="",L12="",$C12="평일"),"",IF((L12-K12)*24-'1.설정(통합)'!$C$14>8,(L12-K12)*24-'1.설정(통합)'!$C$14-8,0)),"") | Q12: =IFERROR(IF(OR(K12="",L12=""),"",MAX(0,(MIN(L12,TIME(24,0,0)+TIME(6,0,0))-MAX(K12,TIME(22,0,0)))*24)+MAX(0,(MIN(L12,TIME(6,0,0))-MAX(K12,TIME(0,0,0)))*24)),"") -> 0 | T12: =IFERROR(IF(OR(R12="",S12=""),"",IF($C12="평일",MIN(8,MAX(0,(S12-R12)*24-'1.설정(통합)'!$D$14)),0)),"") | U12: =IFERROR(IF(OR(R12="",S12="",$C12="휴일"),"",IF((S12-R12)*24-'1.설정(통합)'!$D$14>8,(S12-R12)*24-'1.설정(통합)'!$D$14-8,0)),"") | V12: =IFERROR(IF(OR(R12="",S12="",$C12="평일"),"",MIN(8,MAX(0,(S12-R12)*24-'1.설정(통합)'!$D$14))),"") | W12: =IFERROR(IF(OR(R12="",S12="",$C12="평일"),"",IF((S12-R12)*24-'1.설정(통합)'!$D$14>8,(S12-R12)*24-'1.설정(통합)'!$D$14-8,0)),"") | X12: =IFERROR(IF(OR(R12="",S12=""),"",MAX(0,(MIN(S12,TIME(24,0,0)+TIME(6,0,0))-MAX(R12,TIME(22,0,0)))*24)+MAX(0,(MIN(S12,TIME(6,0,0))-MAX(R12,TIME(0,0,0)))*24)),"") | Y12: 0.33333333 | Z12: 0.70833333 | AA12: =IFERROR(IF(OR(Y12="",Z12=""),"",IF($C12="평일",MIN(8,MAX(0,(Z12-Y12)*24-'1.설정(통합)'!$E$14)),0)),"") -> 8 | AB12: =IFERROR(IF(OR(Y12="",Z12="",$C12="휴일"),"",IF((Z12-Y12)*24-'1.설정(통합)'!$E$14>8,(Z12-Y12)*24-'1.설정(통합)'!$E$14-8,0)),"") -> 0 | AC12: =IFERROR(IF(OR(Y12="",Z12="",$C12="평일"),"",MIN(8,MAX(0,(Z12-Y12)*24-'1.설정(통합)'!$E$14))),"") | AD12: =IFERROR(IF(OR(Y12="",Z12="",$C12="평일"),"",IF((Z12-Y12)*24-'1.설정(통합)'!$E$14>8,(Z12-Y12)*24-'1.설정(통합)'!$E$14-8,0)),"") | AE12: =IFERROR(IF(OR(Y12="",Z12=""),"",MAX(0,(MIN(Z12,TIME(24,0,0)+TIME(6,0,0))-MAX(Y12,TIME(22,0,0)))*24)+MAX(0,(MIN(Z12,TIME(6,0,0))-MAX(Y12,TIME(0,0,0)))*24)),"") -> 0 | AF12: 0.33333333 | AG12: 0.70833333 | AH12: =IFERROR(IF(OR(AF12="",AG12=""),"",IF($C12="평일",MIN(8,MAX(0,(AG12-AF12)*24-'1.설정(통합)'!$F$14)),0)),"") -> 8 | AI12: =IFERROR(IF(OR(AF12="",AG12="",$C12="휴일"),"",IF((AG12-AF12)*24-'1.설정(통합)'!$F$14>8,(AG12-AF12)*24-'1.설정(통합)'!$F$14-8,0)),"") -> 0 | AJ12: =IFERROR(IF(OR(AF12="",AG12="",$C12="평일"),"",MIN(8,MAX(0,(AG12-AF12)*24-'1.설정(통합)'!$F$14))),"") | AK12: =IFERROR(IF(OR(AF12="",AG12="",$C12="평일"),"",IF((AG12-AF12)*24-'1.설정(통합)'!$F$14>8,(AG12-AF12)*24-'1.설정(통합)'!$F$14-8,0)),"") | AL12: =IFERROR(IF(OR(AF12="",AG12=""),"",MAX(0,(MIN(AG12,TIME(24,0,0)+TIME(6,0,0))-MAX(AF12,TIME(22,0,0)))*24)+MAX(0,(MIN(AG12,TIME(6,0,0))-MAX(AF12,TIME(0,0,0)))*24)),"") -> 0
A13: =IFERROR(IF(DAY(DATE(2000+$F$1,$H$1+1,0))<10,"",DATE(2000+$F$1,$H$1,10)),"") -> 46122 | B13: =IF(A13="","",CHOOSE(WEEKDAY(A13),"일","월","화","수","목","금","토")) -> 금 | C13: =IF(A13="","",IF(OR(WEEKDAY(A13,2)>5,COUNTIF('2.공휴일리스트'!$A$2:$A$1000,A13)>0),"휴일","평일")) -> 평일 | F13: =IFERROR(IF(OR(D13="",E13=""),"",IF($C13="평일",MIN(8,MAX(0,(E13-D13)*24-'1.설정(통합)'!$B$14)),0)),"") | G13: =IFERROR(IF(OR(D13="",E13="",$C13="휴일"),"",IF((E13-D13)*24-'1.설정(통합)'!$B$14>8,(E13-D13)*24-'1.설정(통합)'!$B$14-8,0)),"") | H13: =IFERROR(IF(OR(D13="",E13="",$C13="평일"),"",MIN(8,MAX(0,(E13-D13)*24-'1.설정(통합)'!$B$14))),"") | I13: =IFERROR(IF(OR(D13="",E13="",$C13="평일"),"",IF((E13-D13)*24-'1.설정(통합)'!$B$14>8,(E13-D13)*24-'1.설정(통합)'!$B$14-8,0)),"") | J13: =IFERROR(IF(OR(D13="",E13=""),"",MAX(0,(MIN(E13,TIME(24,0,0)+TIME(6,0,0))-MAX(D13,TIME(22,0,0)))*24)+MAX(0,(MIN(E13,TIME(6,0,0))-MAX(D13,TIME(0,0,0)))*24)),"") | K13: 0.33333333 | L13: 0.70833333 | M13: =IFERROR(IF(OR(K13="",L13=""),"",IF($C13="평일",MIN(8,MAX(0,(L13-K13)*24-'1.설정(통합)'!$C$14)),0)),"") -> 8 | N13: =IFERROR(IF(OR(K13="",L13="",$C13="휴일"),"",IF((L13-K13)*24-'1.설정(통합)'!$C$14>8,(L13-K13)*24-'1.설정(통합)'!$C$14-8,0)),"") -> 0 | O13: =IFERROR(IF(OR(K13="",L13="",$C13="평일"),"",MIN(8,MAX(0,(L13-K13)*24-'1.설정(통합)'!$C$14))),"") | P13: =IFERROR(IF(OR(K13="",L13="",$C13="평일"),"",IF((L13-K13)*24-'1.설정(통합)'!$C$14>8,(L13-K13)*24-'1.설정(통합)'!$C$14-8,0)),"") | Q13: =IFERROR(IF(OR(K13="",L13=""),"",MAX(0,(MIN(L13,TIME(24,0,0)+TIME(6,0,0))-MAX(K13,TIME(22,0,0)))*24)+MAX(0,(MIN(L13,TIME(6,0,0))-MAX(K13,TIME(0,0,0)))*24)),"") -> 0 | R13: 0.33333333 | S13: 0.70833333 | T13: =IFERROR(IF(OR(R13="",S13=""),"",IF($C13="평일",MIN(8,MAX(0,(S13-R13)*24-'1.설정(통합)'!$D$14)),0)),"") -> 8 | U13: =IFERROR(IF(OR(R13="",S13="",$C13="휴일"),"",IF((S13-R13)*24-'1.설정(통합)'!$D$14>8,(S13-R13)*24-'1.설정(통합)'!$D$14-8,0)),"") -> 0 | V13: =IFERROR(IF(OR(R13="",S13="",$C13="평일"),"",MIN(8,MAX(0,(S13-R13)*24-'1.설정(통합)'!$D$14))),"") | W13: =IFERROR(IF(OR(R13="",S13="",$C13="평일"),"",IF((S13-R13)*24-'1.설정(통합)'!$D$14>8,(S13-R13)*24-'1.설정(통합)'!$D$14-8,0)),"") | X13: =IFERROR(IF(OR(R13="",S13=""),"",MAX(0,(MIN(S13,TIME(24,0,0)+TIME(6,0,0))-MAX(R13,TIME(22,0,0)))*24)+MAX(0,(MIN(S13,TIME(6,0,0))-MAX(R13,TIME(0,0,0)))*24)),"") -> 0 | Y13: 0.33333333 | Z13: 0.8125 | AA13: =IFERROR(IF(OR(Y13="",Z13=""),"",IF($C13="평일",MIN(8,MAX(0,(Z13-Y13)*24-'1.설정(통합)'!$E$14)),0)),"") -> 8 | AB13: =IFERROR(IF(OR(Y13="",Z13="",$C13="휴일"),"",IF((Z13-Y13)*24-'1.설정(통합)'!$E$14>8,(Z13-Y13)*24-'1.설정(통합)'!$E$14-8,0)),"") -> 2.5 | AC13: =IFERROR(IF(OR(Y13="",Z13="",$C13="평일"),"",MIN(8,MAX(0,(Z13-Y13)*24-'1.설정(통합)'!$E$14))),"") | AD13: =IFERROR(IF(OR(Y13="",Z13="",$C13="평일"),"",IF((Z13-Y13)*24-'1.설정(통합)'!$E$14>8,(Z13-Y13)*24-'1.설정(통합)'!$E$14-8,0)),"") | AE13: =IFERROR(IF(OR(Y13="",Z13=""),"",MAX(0,(MIN(Z13,TIME(24,0,0)+TIME(6,0,0))-MAX(Y13,TIME(22,0,0)))*24)+MAX(0,(MIN(Z13,TIME(6,0,0))-MAX(Y13,TIME(0,0,0)))*24)),"") -> 0 | AF13: 0.33333333 | AG13: 0.70833333 | AH13: =IFERROR(IF(OR(AF13="",AG13=""),"",IF($C13="평일",MIN(8,MAX(0,(AG13-AF13)*24-'1.설정(통합)'!$F$14)),0)),"") -> 8 | AI13: =IFERROR(IF(OR(AF13="",AG13="",$C13="휴일"),"",IF((AG13-AF13)*24-'1.설정(통합)'!$F$14>8,(AG13-AF13)*24-'1.설정(통합)'!$F$14-8,0)),"") -> 0 | AJ13: =IFERROR(IF(OR(AF13="",AG13="",$C13="평일"),"",MIN(8,MAX(0,(AG13-AF13)*24-'1.설정(통합)'!$F$14))),"") | AK13: =IFERROR(IF(OR(AF13="",AG13="",$C13="평일"),"",IF((AG13-AF13)*24-'1.설정(통합)'!$F$14>8,(AG13-AF13)*24-'1.설정(통합)'!$F$14-8,0)),"") | AL13: =IFERROR(IF(OR(AF13="",AG13=""),"",MAX(0,(MIN(AG13,TIME(24,0,0)+TIME(6,0,0))-MAX(AF13,TIME(22,0,0)))*24)+MAX(0,(MIN(AG13,TIME(6,0,0))-MAX(AF13,TIME(0,0,0)))*24)),"") -> 0
A14: =IFERROR(IF(DAY(DATE(2000+$F$1,$H$1+1,0))<11,"",DATE(2000+$F$1,$H$1,11)),"") -> 46123 | B14: =IF(A14="","",CHOOSE(WEEKDAY(A14),"일","월","화","수","목","금","토")) -> 토 | C14: =IF(A14="","",IF(OR(WEEKDAY(A14,2)>5,COUNTIF('2.공휴일리스트'!$A$2:$A$1000,A14)>0),"휴일","평일")) -> 휴일 | F14: =IFERROR(IF(OR(D14="",E14=""),"",IF($C14="평일",MIN(8,MAX(0,(E14-D14)*24-'1.설정(통합)'!$B$14)),0)),"") | G14: =IFERROR(IF(OR(D14="",E14="",$C14="휴일"),"",IF((E14-D14)*24-'1.설정(통합)'!$B$14>8,(E14-D14)*24-'1.설정(통합)'!$B$14-8,0)),"") | H14: =IFERROR(IF(OR(D14="",E14="",$C14="평일"),"",MIN(8,MAX(0,(E14-D14)*24-'1.설정(통합)'!$B$14))),"") | I14: =IFERROR(IF(OR(D14="",E14="",$C14="평일"),"",IF((E14-D14)*24-'1.설정(통합)'!$B$14>8,(E14-D14)*24-'1.설정(통합)'!$B$14-8,0)),"") | J14: =IFERROR(IF(OR(D14="",E14=""),"",MAX(0,(MIN(E14,TIME(24,0,0)+TIME(6,0,0))-MAX(D14,TIME(22,0,0)))*24)+MAX(0,(MIN(E14,TIME(6,0,0))-MAX(D14,TIME(0,0,0)))*24)),"") | K14: 0.33333333 | L14: 0.66666667 | M14: =IFERROR(IF(OR(K14="",L14=""),"",IF($C14="평일",MIN(8,MAX(0,(L14-K14)*24-'1.설정(통합)'!$C$14)),0)),"") -> 0 | N14: =IFERROR(IF(OR(K14="",L14="",$C14="휴일"),"",IF((L14-K14)*24-'1.설정(통합)'!$C$14>8,(L14-K14)*24-'1.설정(통합)'!$C$14-8,0)),"") | O14: =IFERROR(IF(OR(K14="",L14="",$C14="평일"),"",MIN(8,MAX(0,(L14-K14)*24-'1.설정(통합)'!$C$14))),"") -> 7 | P14: =IFERROR(IF(OR(K14="",L14="",$C14="평일"),"",IF((L14-K14)*24-'1.설정(통합)'!$C$14>8,(L14-K14)*24-'1.설정(통합)'!$C$14-8,0)),"") -> 0 | Q14: =IFERROR(IF(OR(K14="",L14=""),"",MAX(0,(MIN(L14,TIME(24,0,0)+TIME(6,0,0))-MAX(K14,TIME(22,0,0)))*24)+MAX(0,(MIN(L14,TIME(6,0,0))-MAX(K14,TIME(0,0,0)))*24)),"") -> 0 | R14: 0.33333333 | S14: 0.66666667 | T14: =IFERROR(IF(OR(R14="",S14=""),"",IF($C14="평일",MIN(8,MAX(0,(S14-R14)*24-'1.설정(통합)'!$D$14)),0)),"") -> 0 | U14: =IFERROR(IF(OR(R14="",S14="",$C14="휴일"),"",IF((S14-R14)*24-'1.설정(통합)'!$D$14>8,(S14-R14)*24-'1.설정(통합)'!$D$14-8,0)),"") | V14: =IFERROR(IF(OR(R14="",S14="",$C14="평일"),"",MIN(8,MAX(0,(S14-R14)*24-'1.설정(통합)'!$D$14))),"") -> 7 | W14: =IFERROR(IF(OR(R14="",S14="",$C14="평일"),"",IF((S14-R14)*24-'1.설정(통합)'!$D$14>8,(S14-R14)*24-'1.설정(통합)'!$D$14-8,0)),"") -> 0 | X14: =IFERROR(IF(OR(R14="",S14=""),"",MAX(0,(MIN(S14,TIME(24,0,0)+TIME(6,0,0))-MAX(R14,TIME(22,0,0)))*24)+MAX(0,(MIN(S14,TIME(6,0,0))-MAX(R14,TIME(0,0,0)))*24)),"") -> 0 | Y14: 0.33333333 | Z14: 0.66666667 | AA14: =IFERROR(IF(OR(Y14="",Z14=""),"",IF($C14="평일",MIN(8,MAX(0,(Z14-Y14)*24-'1.설정(통합)'!$E$14)),0)),"") -> 0 | AB14: =IFERROR(IF(OR(Y14="",Z14="",$C14="휴일"),"",IF((Z14-Y14)*24-'1.설정(통합)'!$E$14>8,(Z14-Y14)*24-'1.설정(통합)'!$E$14-8,0)),"") | AC14: =IFERROR(IF(OR(Y14="",Z14="",$C14="평일"),"",MIN(8,MAX(0,(Z14-Y14)*24-'1.설정(통합)'!$E$14))),"") -> 7 | AD14: =IFERROR(IF(OR(Y14="",Z14="",$C14="평일"),"",IF((Z14-Y14)*24-'1.설정(통합)'!$E$14>8,(Z14-Y14)*24-'1.설정(통합)'!$E$14-8,0)),"") -> 0 | AE14: =IFERROR(IF(OR(Y14="",Z14=""),"",MAX(0,(MIN(Z14,TIME(24,0,0)+TIME(6,0,0))-MAX(Y14,TIME(22,0,0)))*24)+MAX(0,(MIN(Z14,TIME(6,0,0))-MAX(Y14,TIME(0,0,0)))*24)),"") -> 0 | AF14: 0.33333333 | AG14: 0.66666667 | AH14: =IFERROR(IF(OR(AF14="",AG14=""),"",IF($C14="평일",MIN(8,MAX(0,(AG14-AF14)*24-'1.설정(통합)'!$F$14)),0)),"") -> 0 | AI14: =IFERROR(IF(OR(AF14="",AG14="",$C14="휴일"),"",IF((AG14-AF14)*24-'1.설정(통합)'!$F$14>8,(AG14-AF14)*24-'1.설정(통합)'!$F$14-8,0)),"") | AJ14: =IFERROR(IF(OR(AF14="",AG14="",$C14="평일"),"",MIN(8,MAX(0,(AG14-AF14)*24-'1.설정(통합)'!$F$14))),"") -> 7 | AK14: =IFERROR(IF(OR(AF14="",AG14="",$C14="평일"),"",IF((AG14-AF14)*24-'1.설정(통합)'!$F$14>8,(AG14-AF14)*24-'1.설정(통합)'!$F$14-8,0)),"") -> 0 | AL14: =IFERROR(IF(OR(AF14="",AG14=""),"",MAX(0,(MIN(AG14,TIME(24,0,0)+TIME(6,0,0))-MAX(AF14,TIME(22,0,0)))*24)+MAX(0,(MIN(AG14,TIME(6,0,0))-MAX(AF14,TIME(0,0,0)))*24)),"") -> 0
A15: =IFERROR(IF(DAY(DATE(2000+$F$1,$H$1+1,0))<12,"",DATE(2000+$F$1,$H$1,12)),"") -> 46124 | B15: =IF(A15="","",CHOOSE(WEEKDAY(A15),"일","월","화","수","목","금","토")) -> 일 | C15: =IF(A15="","",IF(OR(WEEKDAY(A15,2)>5,COUNTIF('2.공휴일리스트'!$A$2:$A$1000,A15)>0),"휴일","평일")) -> 휴일 | F15: =IFERROR(IF(OR(D15="",E15=""),"",IF($C15="평일",MIN(8,MAX(0,(E15-D15)*24-'1.설정(통합)'!$B$14)),0)),"") | G15: =IFERROR(IF(OR(D15="",E15="",$C15="휴일"),"",IF((E15-D15)*24-'1.설정(통합)'!$B$14>8,(E15-D15)*24-'1.설정(통합)'!$B$14-8,0)),"") | H15: =IFERROR(IF(OR(D15="",E15="",$C15="평일"),"",MIN(8,MAX(0,(E15-D15)*24-'1.설정(통합)'!$B$14))),"") | I15: =IFERROR(IF(OR(D15="",E15="",$C15="평일"),"",IF((E15-D15)*24-'1.설정(통합)'!$B$14>8,(E15-D15)*24-'1.설정(통합)'!$B$14-8,0)),"") | J15: =IFERROR(IF(OR(D15="",E15=""),"",MAX(0,(MIN(E15,TIME(24,0,0)+TIME(6,0,0))-MAX(D15,TIME(22,0,0)))*24)+MAX(0,(MIN(E15,TIME(6,0,0))-MAX(D15,TIME(0,0,0)))*24)),"") | K15: 0.33333333 | L15: 0.64583333 | M15: =IFERROR(IF(OR(K15="",L15=""),"",IF($C15="평일",MIN(8,MAX(0,(L15-K15)*24-'1.설정(통합)'!$C$14)),0)),"") -> 0 | N15: =IFERROR(IF(OR(K15="",L15="",$C15="휴일"),"",IF((L15-K15)*24-'1.설정(통합)'!$C$14>8,(L15-K15)*24-'1.설정(통합)'!$C$14-8,0)),"") | O15: =IFERROR(IF(OR(K15="",L15="",$C15="평일"),"",MIN(8,MAX(0,(L15-K15)*24-'1.설정(통합)'!$C$14))),"") -> 6.5 | P15: =IFERROR(IF(OR(K15="",L15="",$C15="평일"),"",IF((L15-K15)*24-'1.설정(통합)'!$C$14>8,(L15-K15)*24-'1.설정(통합)'!$C$14-8,0)),"") -> 0 | Q15: =IFERROR(IF(OR(K15="",L15=""),"",MAX(0,(MIN(L15,TIME(24,0,0)+TIME(6,0,0))-MAX(K15,TIME(22,0,0)))*24)+MAX(0,(MIN(L15,TIME(6,0,0))-MAX(K15,TIME(0,0,0)))*24)),"") -> 0 | R15: 0.33333333 | S15: 0.64583333 | T15: =IFERROR(IF(OR(R15="",S15=""),"",IF($C15="평일",MIN(8,MAX(0,(S15-R15)*24-'1.설정(통합)'!$D$14)),0)),"") -> 0 | U15: =IFERROR(IF(OR(R15="",S15="",$C15="휴일"),"",IF((S15-R15)*24-'1.설정(통합)'!$D$14>8,(S15-R15)*24-'1.설정(통합)'!$D$14-8,0)),"") | V15: =IFERROR(IF(OR(R15="",S15="",$C15="평일"),"",MIN(8,MAX(0,(S15-R15)*24-'1.설정(통합)'!$D$14))),"") -> 6.5 | W15: =IFERROR(IF(OR(R15="",S15="",$C15="평일"),"",IF((S15-R15)*24-'1.설정(통합)'!$D$14>8,(S15-R15)*24-'1.설정(통합)'!$D$14-8,0)),"") -> 0 | X15: =IFERROR(IF(OR(R15="",S15=""),"",MAX(0,(MIN(S15,TIME(24,0,0)+TIME(6,0,0))-MAX(R15,TIME(22,0,0)))*24)+MAX(0,(MIN(S15,TIME(6,0,0))-MAX(R15,TIME(0,0,0)))*24)),"") -> 0 | Y15: 0.33333333 | Z15: 0.64583333 | AA15: =IFERROR(IF(OR(Y15="",Z15=""),"",IF($C15="평일",MIN(8,MAX(0,(Z15-Y15)*24-'1.설정(통합)'!$E$14)),0)),"") -> 0 | AB15: =IFERROR(IF(OR(Y15="",Z15="",$C15="휴일"),"",IF((Z15-Y15)*24-'1.설정(통합)'!$E$14>8,(Z15-Y15)*24-'1.설정(통합)'!$E$14-8,0)),"") | AC15: =IFERROR(IF(OR(Y15="",Z15="",$C15="평일"),"",MIN(8,MAX(0,(Z15-Y15)*24-'1.설정(통합)'!$E$14))),"") -> 6.5 | AD15: =IFERROR(IF(OR(Y15="",Z15="",$C15="평일"),"",IF((Z15-Y15)*24-'1.설정(통합)'!$E$14>8,(Z15-Y15)*24-'1.설정(통합)'!$E$14-8,0)),"") -> 0 | AE15: =IFERROR(IF(OR(Y15="",Z15=""),"",MAX(0,(MIN(Z15,TIME(24,0,0)+TIME(6,0,0))-MAX(Y15,TIME(22,0,0)))*24)+MAX(0,(MIN(Z15,TIME(6,0,0))-MAX(Y15,TIME(0,0,0)))*24)),"") -> 0 | AF15: 0.33333333 | AG15: 0.64583333 | AH15: =IFERROR(IF(OR(AF15="",AG15=""),"",IF($C15="평일",MIN(8,MAX(0,(AG15-AF15)*24-'1.설정(통합)'!$F$14)),0)),"") -> 0 | AI15: =IFERROR(IF(OR(AF15="",AG15="",$C15="휴일"),"",IF((AG15-AF15)*24-'1.설정(통합)'!$F$14>8,(AG15-AF15)*24-'1.설정(통합)'!$F$14-8,0)),"") | AJ15: =IFERROR(IF(OR(AF15="",AG15="",$C15="평일"),"",MIN(8,MAX(0,(AG15-AF15)*24-'1.설정(통합)'!$F$14))),"") -> 6.5 | AK15: =IFERROR(IF(OR(AF15="",AG15="",$C15="평일"),"",IF((AG15-AF15)*24-'1.설정(통합)'!$F$14>8,(AG15-AF15)*24-'1.설정(통합)'!$F$14-8,0)),"") -> 0 | AL15: =IFERROR(IF(OR(AF15="",AG15=""),"",MAX(0,(MIN(AG15,TIME(24,0,0)+TIME(6,0,0))-MAX(AF15,TIME(22,0,0)))*24)+MAX(0,(MIN(AG15,TIME(6,0,0))-MAX(AF15,TIME(0,0,0)))*24)),"") -> 0
A16: =IFERROR(IF(DAY(DATE(2000+$F$1,$H$1+1,0))<13,"",DATE(2000+$F$1,$H$1,13)),"") -> 46125 | B16: =IF(A16="","",CHOOSE(WEEKDAY(A16),"일","월","화","수","목","금","토")) -> 월 | C16: =IF(A16="","",IF(OR(WEEKDAY(A16,2)>5,COUNTIF('2.공휴일리스트'!$A$2:$A$1000,A16)>0),"휴일","평일")) -> 평일 | F16: =IFERROR(IF(OR(D16="",E16=""),"",IF($C16="평일",MIN(8,MAX(0,(E16-D16)*24-'1.설정(통합)'!$B$14)),0)),"") | G16: =IFERROR(IF(OR(D16="",E16="",$C16="휴일"),"",IF((E16-D16)*24-'1.설정(통합)'!$B$14>8,(E16-D16)*24-'1.설정(통합)'!$B$14-8,0)),"") | H16: =IFERROR(IF(OR(D16="",E16="",$C16="평일"),"",MIN(8,MAX(0,(E16-D16)*24-'1.설정(통합)'!$B$14))),"") | I16: =IFERROR(IF(OR(D16="",E16="",$C16="평일"),"",IF((E16-D16)*24-'1.설정(통합)'!$B$14>8,(E16-D16)*24-'1.설정(통합)'!$B$14-8,0)),"") | J16: =IFERROR(IF(OR(D16="",E16=""),"",MAX(0,(MIN(E16,TIME(24,0,0)+TIME(6,0,0))-MAX(D16,TIME(22,0,0)))*24)+MAX(0,(MIN(E16,TIME(6,0,0))-MAX(D16,TIME(0,0,0)))*24)),"") | K16: 0.33333333 | L16: 0.70833333 | M16: =IFERROR(IF(OR(K16="",L16=""),"",IF($C16="평일",MIN(8,MAX(0,(L16-K16)*24-'1.설정(통합)'!$C$14)),0)),"") -> 8 | N16: =IFERROR(IF(OR(K16="",L16="",$C16="휴일"),"",IF((L16-K16)*24-'1.설정(통합)'!$C$14>8,(L16-K16)*24-'1.설정(통합)'!$C$14-8,0)),"") -> 0 | O16: =IFERROR(IF(OR(K16="",L16="",$C16="평일"),"",MIN(8,MAX(0,(L16-K16)*24-'1.설정(통합)'!$C$14))),"") | P16: =IFERROR(IF(OR(K16="",L16="",$C16="평일"),"",IF((L16-K16)*24-'1.설정(통합)'!$C$14>8,(L16-K16)*24-'1.설정(통합)'!$C$14-8,0)),"") | Q16: =IFERROR(IF(OR(K16="",L16=""),"",MAX(0,(MIN(L16,TIME(24,0,0)+TIME(6,0,0))-MAX(K16,TIME(22,0,0)))*24)+MAX(0,(MIN(L16,TIME(6,0,0))-MAX(K16,TIME(0,0,0)))*24)),"") -> 0 | R16: 0.33333333 | S16: 0.70833333 | T16: =IFERROR(IF(OR(R16="",S16=""),"",IF($C16="평일",MIN(8,MAX(0,(S16-R16)*24-'1.설정(통합)'!$D$14)),0)),"") -> 8 | U16: =IFERROR(IF(OR(R16="",S16="",$C16="휴일"),"",IF((S16-R16)*24-'1.설정(통합)'!$D$14>8,(S16-R16)*24-'1.설정(통합)'!$D$14-8,0)),"") -> 0 | V16: =IFERROR(IF(OR(R16="",S16="",$C16="평일"),"",MIN(8,MAX(0,(S16-R16)*24-'1.설정(통합)'!$D$14))),"") | W16: =IFERROR(IF(OR(R16="",S16="",$C16="평일"),"",IF((S16-R16)*24-'1.설정(통합)'!$D$14>8,(S16-R16)*24-'1.설정(통합)'!$D$14-8,0)),"") | X16: =IFERROR(IF(OR(R16="",S16=""),"",MAX(0,(MIN(S16,TIME(24,0,0)+TIME(6,0,0))-MAX(R16,TIME(22,0,0)))*24)+MAX(0,(MIN(S16,TIME(6,0,0))-MAX(R16,TIME(0,0,0)))*24)),"") -> 0 | Y16: 0.33333333 | Z16: 0.8125 | AA16: =IFERROR(IF(OR(Y16="",Z16=""),"",IF($C16="평일",MIN(8,MAX(0,(Z16-Y16)*24-'1.설정(통합)'!$E$14)),0)),"") -> 8 | AB16: =IFERROR(IF(OR(Y16="",Z16="",$C16="휴일"),"",IF((Z16-Y16)*24-'1.설정(통합)'!$E$14>8,(Z16-Y16)*24-'1.설정(통합)'!$E$14-8,0)),"") -> 2.5 | AC16: =IFERROR(IF(OR(Y16="",Z16="",$C16="평일"),"",MIN(8,MAX(0,(Z16-Y16)*24-'1.설정(통합)'!$E$14))),"") | AD16: =IFERROR(IF(OR(Y16="",Z16="",$C16="평일"),"",IF((Z16-Y16)*24-'1.설정(통합)'!$E$14>8,(Z16-Y16)*24-'1.설정(통합)'!$E$14-8,0)),"") | AE16: =IFERROR(IF(OR(Y16="",Z16=""),"",MAX(0,(MIN(Z16,TIME(24,0,0)+TIME(6,0,0))-MAX(Y16,TIME(22,0,0)))*24)+MAX(0,(MIN(Z16,TIME(6,0,0))-MAX(Y16,TIME(0,0,0)))*24)),"") -> 0 | AF16: 0.33333333 | AG16: 0.70833333 | AH16: =IFERROR(IF(OR(AF16="",AG16=""),"",IF($C16="평일",MIN(8,MAX(0,(AG16-AF16)*24-'1.설정(통합)'!$F$14)),0)),"") -> 8 | AI16: =IFERROR(IF(OR(AF16="",AG16="",$C16="휴일"),"",IF((AG16-AF16)*24-'1.설정(통합)'!$F$14>8,(AG16-AF16)*24-'1.설정(통합)'!$F$14-8,0)),"") -> 0 | AJ16: =IFERROR(IF(OR(AF16="",AG16="",$C16="평일"),"",MIN(8,MAX(0,(AG16-AF16)*24-'1.설정(통합)'!$F$14))),"") | AK16: =IFERROR(IF(OR(AF16="",AG16="",$C16="평일"),"",IF((AG16-AF16)*24-'1.설정(통합)'!$F$14>8,(AG16-AF16)*24-'1.설정(통합)'!$F$14-8,0)),"") | AL16: =IFERROR(IF(OR(AF16="",AG16=""),"",MAX(0,(MIN(AG16,TIME(24,0,0)+TIME(6,0,0))-MAX(AF16,TIME(22,0,0)))*24)+MAX(0,(MIN(AG16,TIME(6,0,0))-MAX(AF16,TIME(0,0,0)))*24)),"") -> 0
A17: =IFERROR(IF(DAY(DATE(2000+$F$1,$H$1+1,0))<14,"",DATE(2000+$F$1,$H$1,14)),"") -> 46126 | B17: =IF(A17="","",CHOOSE(WEEKDAY(A17),"일","월","화","수","목","금","토")) -> 화 | C17: =IF(A17="","",IF(OR(WEEKDAY(A17,2)>5,COUNTIF('2.공휴일리스트'!$A$2:$A$1000,A17)>0),"휴일","평일")) -> 평일 | F17: =IFERROR(IF(OR(D17="",E17=""),"",IF($C17="평일",MIN(8,MAX(0,(E17-D17)*24-'1.설정(통합)'!$B$14)),0)),"") | G17: =IFERROR(IF(OR(D17="",E17="",$C17="휴일"),"",IF((E17-D17)*24-'1.설정(통합)'!$B$14>8,(E17-D17)*24-'1.설정(통합)'!$B$14-8,0)),"") | H17: =IFERROR(IF(OR(D17="",E17="",$C17="평일"),"",MIN(8,MAX(0,(E17-D17)*24-'1.설정(통합)'!$B$14))),"") | I17: =IFERROR(IF(OR(D17="",E17="",$C17="평일"),"",IF((E17-D17)*24-'1.설정(통합)'!$B$14>8,(E17-D17)*24-'1.설정(통합)'!$B$14-8,0)),"") | J17: =IFERROR(IF(OR(D17="",E17=""),"",MAX(0,(MIN(E17,TIME(24,0,0)+TIME(6,0,0))-MAX(D17,TIME(22,0,0)))*24)+MAX(0,(MIN(E17,TIME(6,0,0))-MAX(D17,TIME(0,0,0)))*24)),"") | K17: 0.33333333 | L17: 0.70833333 | M17: =IFERROR(IF(OR(K17="",L17=""),"",IF($C17="평일",MIN(8,MAX(0,(L17-K17)*24-'1.설정(통합)'!$C$14)),0)),"") -> 8 | N17: =IFERROR(IF(OR(K17="",L17="",$C17="휴일"),"",IF((L17-K17)*24-'1.설정(통합)'!$C$14>8,(L17-K17)*24-'1.설정(통합)'!$C$14-8,0)),"") -> 0 | O17: =IFERROR(IF(OR(K17="",L17="",$C17="평일"),"",MIN(8,MAX(0,(L17-K17)*24-'1.설정(통합)'!$C$14))),"") | P17: =IFERROR(IF(OR(K17="",L17="",$C17="평일"),"",IF((L17-K17)*24-'1.설정(통합)'!$C$14>8,(L17-K17)*24-'1.설정(통합)'!$C$14-8,0)),"") | Q17: =IFERROR(IF(OR(K17="",L17=""),"",MAX(0,(MIN(L17,TIME(24,0,0)+TIME(6,0,0))-MAX(K17,TIME(22,0,0)))*24)+MAX(0,(MIN(L17,TIME(6,0,0))-MAX(K17,TIME(0,0,0)))*24)),"") -> 0 | R17: 0.33333333 | S17: 0.70833333 | T17: =IFERROR(IF(OR(R17="",S17=""),"",IF($C17="평일",MIN(8,MAX(0,(S17-R17)*24-'1.설정(통합)'!$D$14)),0)),"") -> 8 | U17: =IFERROR(IF(OR(R17="",S17="",$C17="휴일"),"",IF((S17-R17)*24-'1.설정(통합)'!$D$14>8,(S17-R17)*24-'1.설정(통합)'!$D$14-8,0)),"") -> 0 | V17: =IFERROR(IF(OR(R17="",S17="",$C17="평일"),"",MIN(8,MAX(0,(S17-R17)*24-'1.설정(통합)'!$D$14))),"") | W17: =IFERROR(IF(OR(R17="",S17="",$C17="평일"),"",IF((S17-R17)*24-'1.설정(통합)'!$D$14>8,(S17-R17)*24-'1.설정(통합)'!$D$14-8,0)),"") | X17: =IFERROR(IF(OR(R17="",S17=""),"",MAX(0,(MIN(S17,TIME(24,0,0)+TIME(6,0,0))-MAX(R17,TIME(22,0,0)))*24)+MAX(0,(MIN(S17,TIME(6,0,0))-MAX(R17,TIME(0,0,0)))*24)),"") -> 0 | Y17: 0.33333333 | Z17: 0.8125 | AA17: =IFERROR(IF(OR(Y17="",Z17=""),"",IF($C17="평일",MIN(8,MAX(0,(Z17-Y17)*24-'1.설정(통합)'!$E$14)),0)),"") -> 8 | AB17: =IFERROR(IF(OR(Y17="",Z17="",$C17="휴일"),"",IF((Z17-Y17)*24-'1.설정(통합)'!$E$14>8,(Z17-Y17)*24-'1.설정(통합)'!$E$14-8,0)),"") -> 2.5 | AC17: =IFERROR(IF(OR(Y17="",Z17="",$C17="평일"),"",MIN(8,MAX(0,(Z17-Y17)*24-'1.설정(통합)'!$E$14))),"") | AD17: =IFERROR(IF(OR(Y17="",Z17="",$C17="평일"),"",IF((Z17-Y17)*24-'1.설정(통합)'!$E$14>8,(Z17-Y17)*24-'1.설정(통합)'!$E$14-8,0)),"") | AE17: =IFERROR(IF(OR(Y17="",Z17=""),"",MAX(0,(MIN(Z17,TIME(24,0,0)+TIME(6,0,0))-MAX(Y17,TIME(22,0,0)))*24)+MAX(0,(MIN(Z17,TIME(6,0,0))-MAX(Y17,TIME(0,0,0)))*24)),"") -> 0 | AF17: 0.33333333 | AG17: 0.8125 | AH17: =IFERROR(IF(OR(AF17="",AG17=""),"",IF($C17="평일",MIN(8,MAX(0,(AG17-AF17)*24-'1.설정(통합)'!$F$14)),0)),"") -> 8 | AI17: =IFERROR(IF(OR(AF17="",AG17="",$C17="휴일"),"",IF((AG17-AF17)*24-'1.설정(통합)'!$F$14>8,(AG17-AF17)*24-'1.설정(통합)'!$F$14-8,0)),"") -> 2.5 | AJ17: =IFERROR(IF(OR(AF17="",AG17="",$C17="평일"),"",MIN(8,MAX(0,(AG17-AF17)*24-'1.설정(통합)'!$F$14))),"") | AK17: =IFERROR(IF(OR(AF17="",AG17="",$C17="평일"),"",IF((AG17-AF17)*24-'1.설정(통합)'!$F$14>8,(AG17-AF17)*24-'1.설정(통합)'!$F$14-8,0)),"") | AL17: =IFERROR(IF(OR(AF17="",AG17=""),"",MAX(0,(MIN(AG17,TIME(24,0,0)+TIME(6,0,0))-MAX(AF17,TIME(22,0,0)))*24)+MAX(0,(MIN(AG17,TIME(6,0,0))-MAX(AF17,TIME(0,0,0)))*24)),"") -> 0
A18: =IFERROR(IF(DAY(DATE(2000+$F$1,$H$1+1,0))<15,"",DATE(2000+$F$1,$H$1,15)),"") -> 46127 | B18: =IF(A18="","",CHOOSE(WEEKDAY(A18),"일","월","화","수","목","금","토")) -> 수 | C18: =IF(A18="","",IF(OR(WEEKDAY(A18,2)>5,COUNTIF('2.공휴일리스트'!$A$2:$A$1000,A18)>0),"휴일","평일")) -> 평일 | D18: 0.33333333 | E18: 0.70833333 | F18: =IFERROR(IF(OR(D18="",E18=""),"",IF($C18="평일",MIN(8,MAX(0,(E18-D18)*24-'1.설정(통합)'!$B$14)),0)),"") -> 8 | G18: =IFERROR(IF(OR(D18="",E18="",$C18="휴일"),"",IF((E18-D18)*24-'1.설정(통합)'!$B$14>8,(E18-D18)*24-'1.설정(통합)'!$B$14-8,0)),"") -> 0 | H18: =IFERROR(IF(OR(D18="",E18="",$C18="평일"),"",MIN(8,MAX(0,(E18-D18)*24-'1.설정(통합)'!$B$14))),"") | I18: =IFERROR(IF(OR(D18="",E18="",$C18="평일"),"",IF((E18-D18)*24-'1.설정(통합)'!$B$14>8,(E18-D18)*24-'1.설정(통합)'!$B$14-8,0)),"") | J18: =IFERROR(IF(OR(D18="",E18=""),"",MAX(0,(MIN(E18,TIME(24,0,0)+TIME(6,0,0))-MAX(D18,TIME(22,0,0)))*24)+MAX(0,(MIN(E18,TIME(6,0,0))-MAX(D18,TIME(0,0,0)))*24)),"") -> 0 | K18: 0.33333333 | L18: 0.70833333 | M18: =IFERROR(IF(OR(K18="",L18=""),"",IF($C18="평일",MIN(8,MAX(0,(L18-K18)*24-'1.설정(통합)'!$C$14)),0)),"") -> 8 | N18: =IFERROR(IF(OR(K18="",L18="",$C18="휴일"),"",IF((L18-K18)*24-'1.설정(통합)'!$C$14>8,(L18-K18)*24-'1.설정(통합)'!$C$14-8,0)),"") -> 0 | O18: =IFERROR(IF(OR(K18="",L18="",$C18="평일"),"",MIN(8,MAX(0,(L18-K18)*24-'1.설정(통합)'!$C$14))),"") | P18: =IFERROR(IF(OR(K18="",L18="",$C18="평일"),"",IF((L18-K18)*24-'1.설정(통합)'!$C$14>8,(L18-K18)*24-'1.설정(통합)'!$C$14-8,0)),"") | Q18: =IFERROR(IF(OR(K18="",L18=""),"",MAX(0,(MIN(L18,TIME(24,0,0)+TIME(6,0,0))-MAX(K18,TIME(22,0,0)))*24)+MAX(0,(MIN(L18,TIME(6,0,0))-MAX(K18,TIME(0,0,0)))*24)),"") -> 0 | R18: 0.33333333 | S18: 0.70833333 | T18: =IFERROR(IF(OR(R18="",S18=""),"",IF($C18="평일",MIN(8,MAX(0,(S18-R18)*24-'1.설정(통합)'!$D$14)),0)),"") -> 8 | U18: =IFERROR(IF(OR(R18="",S18="",$C18="휴일"),"",IF((S18-R18)*24-'1.설정(통합)'!$D$14>8,(S18-R18)*24-'1.설정(통합)'!$D$14-8,0)),"") -> 0 | V18: =IFERROR(IF(OR(R18="",S18="",$C18="평일"),"",MIN(8,MAX(0,(S18-R18)*24-'1.설정(통합)'!$D$14))),"") | W18: =IFERROR(IF(OR(R18="",S18="",$C18="평일"),"",IF((S18-R18)*24-'1.설정(통합)'!$D$14>8,(S18-R18)*24-'1.설정(통합)'!$D$14-8,0)),"") | X18: =IFERROR(IF(OR(R18="",S18=""),"",MAX(0,(MIN(S18,TIME(24,0,0)+TIME(6,0,0))-MAX(R18,TIME(22,0,0)))*24)+MAX(0,(MIN(S18,TIME(6,0,0))-MAX(R18,TIME(0,0,0)))*24)),"") -> 0 | Y18: 0.33333333 | Z18: 0.8125 | AA18: =IFERROR(IF(OR(Y18="",Z18=""),"",IF($C18="평일",MIN(8,MAX(0,(Z18-Y18)*24-'1.설정(통합)'!$E$14)),0)),"") -> 8 | AB18: =IFERROR(IF(OR(Y18="",Z18="",$C18="휴일"),"",IF((Z18-Y18)*24-'1.설정(통합)'!$E$14>8,(Z18-Y18)*24-'1.설정(통합)'!$E$14-8,0)),"") -> 2.5 | AC18: =IFERROR(IF(OR(Y18="",Z18="",$C18="평일"),"",MIN(8,MAX(0,(Z18-Y18)*24-'1.설정(통합)'!$E$14))),"") | AD18: =IFERROR(IF(OR(Y18="",Z18="",$C18="평일"),"",IF((Z18-Y18)*24-'1.설정(통합)'!$E$14>8,(Z18-Y18)*24-'1.설정(통합)'!$E$14-8,0)),"") | AE18: =IFERROR(IF(OR(Y18="",Z18=""),"",MAX(0,(MIN(Z18,TIME(24,0,0)+TIME(6,0,0))-MAX(Y18,TIME(22,0,0)))*24)+MAX(0,(MIN(Z18,TIME(6,0,0))-MAX(Y18,TIME(0,0,0)))*24)),"") -> 0 | AF18: 0.33333333 | AG18: 0.70833333 | AH18: =IFERROR(IF(OR(AF18="",AG18=""),"",IF($C18="평일",MIN(8,MAX(0,(AG18-AF18)*24-'1.설정(통합)'!$F$14)),0)),"") -> 8 | AI18: =IFERROR(IF(OR(AF18="",AG18="",$C18="휴일"),"",IF((AG18-AF18)*24-'1.설정(통합)'!$F$14>8,(AG18-AF18)*24-'1.설정(통합)'!$F$14-8,0)),"") -> 0 | AJ18: =IFERROR(IF(OR(AF18="",AG18="",$C18="평일"),"",MIN(8,MAX(0,(AG18-AF18)*24-'1.설정(통합)'!$F$14))),"") | AK18: =IFERROR(IF(OR(AF18="",AG18="",$C18="평일"),"",IF((AG18-AF18)*24-'1.설정(통합)'!$F$14>8,(AG18-AF18)*24-'1.설정(통합)'!$F$14-8,0)),"") | AL18: =IFERROR(IF(OR(AF18="",AG18=""),"",MAX(0,(MIN(AG18,TIME(24,0,0)+TIME(6,0,0))-MAX(AF18,TIME(22,0,0)))*24)+MAX(0,(MIN(AG18,TIME(6,0,0))-MAX(AF18,TIME(0,0,0)))*24)),"") -> 0
A19: =IFERROR(IF(DAY(DATE(2000+$F$1,$H$1+1,0))<16,"",DATE(2000+$F$1,$H$1,16)),"") -> 46128 | B19: =IF(A19="","",CHOOSE(WEEKDAY(A19),"일","월","화","수","목","금","토")) -> 목 | C19: =IF(A19="","",IF(OR(WEEKDAY(A19,2)>5,COUNTIF('2.공휴일리스트'!$A$2:$A$1000,A19)>0),"휴일","평일")) -> 평일 | D19: 0.33333333 | E19: 0.70833333 | F19: =IFERROR(IF(OR(D19="",E19=""),"",IF($C19="평일",MIN(8,MAX(0,(E19-D19)*24-'1.설정(통합)'!$B$14)),0)),"") -> 8 | G19: =IFERROR(IF(OR(D19="",E19="",$C19="휴일"),"",IF((E19-D19)*24-'1.설정(통합)'!$B$14>8,(E19-D19)*24-'1.설정(통합)'!$B$14-8,0)),"") -> 0 | H19: =IFERROR(IF(OR(D19="",E19="",$C19="평일"),"",MIN(8,MAX(0,(E19-D19)*24-'1.설정(통합)'!$B$14))),"") | I19: =IFERROR(IF(OR(D19="",E19="",$C19="평일"),"",IF((E19-D19)*24-'1.설정(통합)'!$B$14>8,(E19-D19)*24-'1.설정(통합)'!$B$14-8,0)),"") | J19: =IFERROR(IF(OR(D19="",E19=""),"",MAX(0,(MIN(E19,TIME(24,0,0)+TIME(6,0,0))-MAX(D19,TIME(22,0,0)))*24)+MAX(0,(MIN(E19,TIME(6,0,0))-MAX(D19,TIME(0,0,0)))*24)),"") -> 0 | K19: 0.33333333 | L19: 0.70833333 | M19: =IFERROR(IF(OR(K19="",L19=""),"",IF($C19="평일",MIN(8,MAX(0,(L19-K19)*24-'1.설정(통합)'!$C$14)),0)),"") -> 8 | N19: =IFERROR(IF(OR(K19="",L19="",$C19="휴일"),"",IF((L19-K19)*24-'1.설정(통합)'!$C$14>8,(L19-K19)*24-'1.설정(통합)'!$C$14-8,0)),"") -> 0 | O19: =IFERROR(IF(OR(K19="",L19="",$C19="평일"),"",MIN(8,MAX(0,(L19-K19)*24-'1.설정(통합)'!$C$14))),"") | P19: =IFERROR(IF(OR(K19="",L19="",$C19="평일"),"",IF((L19-K19)*24-'1.설정(통합)'!$C$14>8,(L19-K19)*24-'1.설정(통합)'!$C$14-8,0)),"") | Q19: =IFERROR(IF(OR(K19="",L19=""),"",MAX(0,(MIN(L19,TIME(24,0,0)+TIME(6,0,0))-MAX(K19,TIME(22,0,0)))*24)+MAX(0,(MIN(L19,TIME(6,0,0))-MAX(K19,TIME(0,0,0)))*24)),"") -> 0 | R19: 0.33333333 | S19: 0.70833333 | T19: =IFERROR(IF(OR(R19="",S19=""),"",IF($C19="평일",MIN(8,MAX(0,(S19-R19)*24-'1.설정(통합)'!$D$14)),0)),"") -> 8 | U19: =IFERROR(IF(OR(R19="",S19="",$C19="휴일"),"",IF((S19-R19)*24-'1.설정(통합)'!$D$14>8,(S19-R19)*24-'1.설정(통합)'!$D$14-8,0)),"") -> 0 | V19: =IFERROR(IF(OR(R19="",S19="",$C19="평일"),"",MIN(8,MAX(0,(S19-R19)*24-'1.설정(통합)'!$D$14))),"") | W19: =IFERROR(IF(OR(R19="",S19="",$C19="평일"),"",IF((S19-R19)*24-'1.설정(통합)'!$D$14>8,(S19-R19)*24-'1.설정(통합)'!$D$14-8,0)),"") | X19: =IFERROR(IF(OR(R19="",S19=""),"",MAX(0,(MIN(S19,TIME(24,0,0)+TIME(6,0,0))-MAX(R19,TIME(22,0,0)))*24)+MAX(0,(MIN(S19,TIME(6,0,0))-MAX(R19,TIME(0,0,0)))*24)),"") -> 0 | Y19: 0.33333333 | Z19: 0.70833333 | AA19: =IFERROR(IF(OR(Y19="",Z19=""),"",IF($C19="평일",MIN(8,MAX(0,(Z19-Y19)*24-'1.설정(통합)'!$E$14)),0)),"") -> 8 | AB19: =IFERROR(IF(OR(Y19="",Z19="",$C19="휴일"),"",IF((Z19-Y19)*24-'1.설정(통합)'!$E$14>8,(Z19-Y19)*24-'1.설정(통합)'!$E$14-8,0)),"") -> 0 | AC19: =IFERROR(IF(OR(Y19="",Z19="",$C19="평일"),"",MIN(8,MAX(0,(Z19-Y19)*24-'1.설정(통합)'!$E$14))),"") | AD19: =IFERROR(IF(OR(Y19="",Z19="",$C19="평일"),"",IF((Z19-Y19)*24-'1.설정(통합)'!$E$14>8,(Z19-Y19)*24-'1.설정(통합)'!$E$14-8,0)),"") | AE19: =IFERROR(IF(OR(Y19="",Z19=""),"",MAX(0,(MIN(Z19,TIME(24,0,0)+TIME(6,0,0))-MAX(Y19,TIME(22,0,0)))*24)+MAX(0,(MIN(Z19,TIME(6,0,0))-MAX(Y19,TIME(0,0,0)))*24)),"") -> 0 | AF19: 0.33333333 | AG19: 0.70833333 | AH19: =IFERROR(IF(OR(AF19="",AG19=""),"",IF($C19="평일",MIN(8,MAX(0,(AG19-AF19)*24-'1.설정(통합)'!$F$14)),0)),"") -> 8 | AI19: =IFERROR(IF(OR(AF19="",AG19="",$C19="휴일"),"",IF((AG19-AF19)*24-'1.설정(통합)'!$F$14>8,(AG19-AF19)*24-'1.설정(통합)'!$F$14-8,0)),"") -> 0 | AJ19: =IFERROR(IF(OR(AF19="",AG19="",$C19="평일"),"",MIN(8,MAX(0,(AG19-AF19)*24-'1.설정(통합)'!$F$14))),"") | AK19: =IFERROR(IF(OR(AF19="",AG19="",$C19="평일"),"",IF((AG19-AF19)*24-'1.설정(통합)'!$F$14>8,(AG19-AF19)*24-'1.설정(통합)'!$F$14-8,0)),"") | AL19: =IFERROR(IF(OR(AF19="",AG19=""),"",MAX(0,(MIN(AG19,TIME(24,0,0)+TIME(6,0,0))-MAX(AF19,TIME(22,0,0)))*24)+MAX(0,(MIN(AG19,TIME(6,0,0))-MAX(AF19,TIME(0,0,0)))*24)),"") -> 0
A20: =IFERROR(IF(DAY(DATE(2000+$F$1,$H$1+1,0))<17,"",DATE(2000+$F$1,$H$1,17)),"") -> 46129 | B20: =IF(A20="","",CHOOSE(WEEKDAY(A20),"일","월","화","수","목","금","토")) -> 금 | C20: =IF(A20="","",IF(OR(WEEKDAY(A20,2)>5,COUNTIF('2.공휴일리스트'!$A$2:$A$1000,A20)>0),"휴일","평일")) -> 평일 | D20: 0.33333333 | E20: 0.70833333 | F20: =IFERROR(IF(OR(D20="",E20=""),"",IF($C20="평일",MIN(8,MAX(0,(E20-D20)*24-'1.설정(통합)'!$B$14)),0)),"") -> 8 | G20: =IFERROR(IF(OR(D20="",E20="",$C20="휴일"),"",IF((E20-D20)*24-'1.설정(통합)'!$B$14>8,(E20-D20)*24-'1.설정(통합)'!$B$14-8,0)),"") -> 0 | H20: =IFERROR(IF(OR(D20="",E20="",$C20="평일"),"",MIN(8,MAX(0,(E20-D20)*24-'1.설정(통합)'!$B$14))),"") | I20: =IFERROR(IF(OR(D20="",E20="",$C20="평일"),"",IF((E20-D20)*24-'1.설정(통합)'!$B$14>8,(E20-D20)*24-'1.설정(통합)'!$B$14-8,0)),"") | J20: =IFERROR(IF(OR(D20="",E20=""),"",MAX(0,(MIN(E20,TIME(24,0,0)+TIME(6,0,0))-MAX(D20,TIME(22,0,0)))*24)+MAX(0,(MIN(E20,TIME(6,0,0))-MAX(D20,TIME(0,0,0)))*24)),"") -> 0 | K20: 0.33333333 | L20: 0.70833333 | M20: =IFERROR(IF(OR(K20="",L20=""),"",IF($C20="평일",MIN(8,MAX(0,(L20-K20)*24-'1.설정(통합)'!$C$14)),0)),"") -> 8 | N20: =IFERROR(IF(OR(K20="",L20="",$C20="휴일"),"",IF((L20-K20)*24-'1.설정(통합)'!$C$14>8,(L20-K20)*24-'1.설정(통합)'!$C$14-8,0)),"") -> 0 | O20: =IFERROR(IF(OR(K20="",L20="",$C20="평일"),"",MIN(8,MAX(0,(L20-K20)*24-'1.설정(통합)'!$C$14))),"") | P20: =IFERROR(IF(OR(K20="",L20="",$C20="평일"),"",IF((L20-K20)*24-'1.설정(통합)'!$C$14>8,(L20-K20)*24-'1.설정(통합)'!$C$14-8,0)),"") | Q20: =IFERROR(IF(OR(K20="",L20=""),"",MAX(0,(MIN(L20,TIME(24,0,0)+TIME(6,0,0))-MAX(K20,TIME(22,0,0)))*24)+MAX(0,(MIN(L20,TIME(6,0,0))-MAX(K20,TIME(0,0,0)))*24)),"") -> 0 | R20: 0.33333333 | S20: 0.70833333 | T20: =IFERROR(IF(OR(R20="",S20=""),"",IF($C20="평일",MIN(8,MAX(0,(S20-R20)*24-'1.설정(통합)'!$D$14)),0)),"") -> 8 | U20: =IFERROR(IF(OR(R20="",S20="",$C20="휴일"),"",IF((S20-R20)*24-'1.설정(통합)'!$D$14>8,(S20-R20)*24-'1.설정(통합)'!$D$14-8,0)),"") -> 0 | V20: =IFERROR(IF(OR(R20="",S20="",$C20="평일"),"",MIN(8,MAX(0,(S20-R20)*24-'1.설정(통합)'!$D$14))),"") | W20: =IFERROR(IF(OR(R20="",S20="",$C20="평일"),"",IF((S20-R20)*24-'1.설정(통합)'!$D$14>8,(S20-R20)*24-'1.설정(통합)'!$D$14-8,0)),"") | X20: =IFERROR(IF(OR(R20="",S20=""),"",MAX(0,(MIN(S20,TIME(24,0,0)+TIME(6,0,0))-MAX(R20,TIME(22,0,0)))*24)+MAX(0,(MIN(S20,TIME(6,0,0))-MAX(R20,TIME(0,0,0)))*24)),"") -> 0 | Y20: 0.33333333 | Z20: 0.8125 | AA20: =IFERROR(IF(OR(Y20="",Z20=""),"",IF($C20="평일",MIN(8,MAX(0,(Z20-Y20)*24-'1.설정(통합)'!$E$14)),0)),"") -> 8 | AB20: =IFERROR(IF(OR(Y20="",Z20="",$C20="휴일"),"",IF((Z20-Y20)*24-'1.설정(통합)'!$E$14>8,(Z20-Y20)*24-'1.설정(통합)'!$E$14-8,0)),"") -> 2.5 | AC20: =IFERROR(IF(OR(Y20="",Z20="",$C20="평일"),"",MIN(8,MAX(0,(Z20-Y20)*24-'1.설정(통합)'!$E$14))),"") | AD20: =IFERROR(IF(OR(Y20="",Z20="",$C20="평일"),"",IF((Z20-Y20)*24-'1.설정(통합)'!$E$14>8,(Z20-Y20)*24-'1.설정(통합)'!$E$14-8,0)),"") | AE20: =IFERROR(IF(OR(Y20="",Z20=""),"",MAX(0,(MIN(Z20,TIME(24,0,0)+TIME(6,0,0))-MAX(Y20,TIME(22,0,0)))*24)+MAX(0,(MIN(Z20,TIME(6,0,0))-MAX(Y20,TIME(0,0,0)))*24)),"") -> 0 | AF20: 0.33333333 | AG20: 0.70833333 | AH20: =IFERROR(IF(OR(AF20="",AG20=""),"",IF($C20="평일",MIN(8,MAX(0,(AG20-AF20)*24-'1.설정(통합)'!$F$14)),0)),"") -> 8 | AI20: =IFERROR(IF(OR(AF20="",AG20="",$C20="휴일"),"",IF((AG20-AF20)*24-'1.설정(통합)'!$F$14>8,(AG20-AF20)*24-'1.설정(통합)'!$F$14-8,0)),"") -> 0 | AJ20: =IFERROR(IF(OR(AF20="",AG20="",$C20="평일"),"",MIN(8,MAX(0,(AG20-AF20)*24-'1.설정(통합)'!$F$14))),"") | AK20: =IFERROR(IF(OR(AF20="",AG20="",$C20="평일"),"",IF((AG20-AF20)*24-'1.설정(통합)'!$F$14>8,(AG20-AF20)*24-'1.설정(통합)'!$F$14-8,0)),"") | AL20: =IFERROR(IF(OR(AF20="",AG20=""),"",MAX(0,(MIN(AG20,TIME(24,0,0)+TIME(6,0,0))-MAX(AF20,TIME(22,0,0)))*24)+MAX(0,(MIN(AG20,TIME(6,0,0))-MAX(AF20,TIME(0,0,0)))*24)),"") -> 0
A21: =IFERROR(IF(DAY(DATE(2000+$F$1,$H$1+1,0))<18,"",DATE(2000+$F$1,$H$1,18)),"") -> 46130 | B21: =IF(A21="","",CHOOSE(WEEKDAY(A21),"일","월","화","수","목","금","토")) -> 토 | C21: =IF(A21="","",IF(OR(WEEKDAY(A21,2)>5,COUNTIF('2.공휴일리스트'!$A$2:$A$1000,A21)>0),"휴일","평일")) -> 휴일 | D21: 0.33333333 | E21: 0.66666667 | F21: =IFERROR(IF(OR(D21="",E21=""),"",IF($C21="평일",MIN(8,MAX(0,(E21-D21)*24-'1.설정(통합)'!$B$14)),0)),"") -> 0 | G21: =IFERROR(IF(OR(D21="",E21="",$C21="휴일"),"",IF((E21-D21)*24-'1.설정(통합)'!$B$14>8,(E21-D21)*24-'1.설정(통합)'!$B$14-8,0)),"") | H21: =IFERROR(IF(OR(D21="",E21="",$C21="평일"),"",MIN(8,MAX(0,(E21-D21)*24-'1.설정(통합)'!$B$14))),"") -> 7 | I21: =IFERROR(IF(OR(D21="",E21="",$C21="평일"),"",IF((E21-D21)*24-'1.설정(통합)'!$B$14>8,(E21-D21)*24-'1.설정(통합)'!$B$14-8,0)),"") -> 0 | J21: =IFERROR(IF(OR(D21="",E21=""),"",MAX(0,(MIN(E21,TIME(24,0,0)+TIME(6,0,0))-MAX(D21,TIME(22,0,0)))*24)+MAX(0,(MIN(E21,TIME(6,0,0))-MAX(D21,TIME(0,0,0)))*24)),"") -> 0 | K21: 0.33333333 | L21: 0.66666667 | M21: =IFERROR(IF(OR(K21="",L21=""),"",IF($C21="평일",MIN(8,MAX(0,(L21-K21)*24-'1.설정(통합)'!$C$14)),0)),"") -> 0 | N21: =IFERROR(IF(OR(K21="",L21="",$C21="휴일"),"",IF((L21-K21)*24-'1.설정(통합)'!$C$14>8,(L21-K21)*24-'1.설정(통합)'!$C$14-8,0)),"") | O21: =IFERROR(IF(OR(K21="",L21="",$C21="평일"),"",MIN(8,MAX(0,(L21-K21)*24-'1.설정(통합)'!$C$14))),"") -> 7 | P21: =IFERROR(IF(OR(K21="",L21="",$C21="평일"),"",IF((L21-K21)*24-'1.설정(통합)'!$C$14>8,(L21-K21)*24-'1.설정(통합)'!$C$14-8,0)),"") -> 0 | Q21: =IFERROR(IF(OR(K21="",L21=""),"",MAX(0,(MIN(L21,TIME(24,0,0)+TIME(6,0,0))-MAX(K21,TIME(22,0,0)))*24)+MAX(0,(MIN(L21,TIME(6,0,0))-MAX(K21,TIME(0,0,0)))*24)),"") -> 0 | R21: 0.33333333 | S21: 0.66666667 | T21: =IFERROR(IF(OR(R21="",S21=""),"",IF($C21="평일",MIN(8,MAX(0,(S21-R21)*24-'1.설정(통합)'!$D$14)),0)),"") -> 0 | U21: =IFERROR(IF(OR(R21="",S21="",$C21="휴일"),"",IF((S21-R21)*24-'1.설정(통합)'!$D$14>8,(S21-R21)*24-'1.설정(통합)'!$D$14-8,0)),"") | V21: =IFERROR(IF(OR(R21="",S21="",$C21="평일"),"",MIN(8,MAX(0,(S21-R21)*24-'1.설정(통합)'!$D$14))),"") -> 7 | W21: =IFERROR(IF(OR(R21="",S21="",$C21="평일"),"",IF((S21-R21)*24-'1.설정(통합)'!$D$14>8,(S21-R21)*24-'1.설정(통합)'!$D$14-8,0)),"") -> 0 | X21: =IFERROR(IF(OR(R21="",S21=""),"",MAX(0,(MIN(S21,TIME(24,0,0)+TIME(6,0,0))-MAX(R21,TIME(22,0,0)))*24)+MAX(0,(MIN(S21,TIME(6,0,0))-MAX(R21,TIME(0,0,0)))*24)),"") -> 0 | Y21: 0.33333333 | Z21: 0.66666667 | AA21: =IFERROR(IF(OR(Y21="",Z21=""),"",IF($C21="평일",MIN(8,MAX(0,(Z21-Y21)*24-'1.설정(통합)'!$E$14)),0)),"") -> 0 | AB21: =IFERROR(IF(OR(Y21="",Z21="",$C21="휴일"),"",IF((Z21-Y21)*24-'1.설정(통합)'!$E$14>8,(Z21-Y21)*24-'1.설정(통합)'!$E$14-8,0)),"") | AC21: =IFERROR(IF(OR(Y21="",Z21="",$C21="평일"),"",MIN(8,MAX(0,(Z21-Y21)*24-'1.설정(통합)'!$E$14))),"") -> 7 | AD21: =IFERROR(IF(OR(Y21="",Z21="",$C21="평일"),"",IF((Z21-Y21)*24-'1.설정(통합)'!$E$14>8,(Z21-Y21)*24-'1.설정(통합)'!$E$14-8,0)),"") -> 0 | AE21: =IFERROR(IF(OR(Y21="",Z21=""),"",MAX(0,(MIN(Z21,TIME(24,0,0)+TIME(6,0,0))-MAX(Y21,TIME(22,0,0)))*24)+MAX(0,(MIN(Z21,TIME(6,0,0))-MAX(Y21,TIME(0,0,0)))*24)),"") -> 0 | AF21: 0.33333333 | AG21: 0.66666667 | AH21: =IFERROR(IF(OR(AF21="",AG21=""),"",IF($C21="평일",MIN(8,MAX(0,(AG21-AF21)*24-'1.설정(통합)'!$F$14)),0)),"") -> 0 | AI21: =IFERROR(IF(OR(AF21="",AG21="",$C21="휴일"),"",IF((AG21-AF21)*24-'1.설정(통합)'!$F$14>8,(AG21-AF21)*24-'1.설정(통합)'!$F$14-8,0)),"") | AJ21: =IFERROR(IF(OR(AF21="",AG21="",$C21="평일"),"",MIN(8,MAX(0,(AG21-AF21)*24-'1.설정(통합)'!$F$14))),"") -> 7 | AK21: =IFERROR(IF(OR(AF21="",AG21="",$C21="평일"),"",IF((AG21-AF21)*24-'1.설정(통합)'!$F$14>8,(AG21-AF21)*24-'1.설정(통합)'!$F$14-8,0)),"") -> 0 | AL21: =IFERROR(IF(OR(AF21="",AG21=""),"",MAX(0,(MIN(AG21,TIME(24,0,0)+TIME(6,0,0))-MAX(AF21,TIME(22,0,0)))*24)+MAX(0,(MIN(AG21,TIME(6,0,0))-MAX(AF21,TIME(0,0,0)))*24)),"") -> 0
A22: =IFERROR(IF(DAY(DATE(2000+$F$1,$H$1+1,0))<19,"",DATE(2000+$F$1,$H$1,19)),"") -> 46131 | B22: =IF(A22="","",CHOOSE(WEEKDAY(A22),"일","월","화","수","목","금","토")) -> 일 | C22: =IF(A22="","",IF(OR(WEEKDAY(A22,2)>5,COUNTIF('2.공휴일리스트'!$A$2:$A$1000,A22)>0),"휴일","평일")) -> 휴일 | D22: 0.33333333 | E22: 0.64583333 | F22: =IFERROR(IF(OR(D22="",E22=""),"",IF($C22="평일",MIN(8,MAX(0,(E22-D22)*24-'1.설정(통합)'!$B$14)),0)),"") -> 0 | G22: =IFERROR(IF(OR(D22="",E22="",$C22="휴일"),"",IF((E22-D22)*24-'1.설정(통합)'!$B$14>8,(E22-D22)*24-'1.설정(통합)'!$B$14-8,0)),"") | H22: =IFERROR(IF(OR(D22="",E22="",$C22="평일"),"",MIN(8,MAX(0,(E22-D22)*24-'1.설정(통합)'!$B$14))),"") -> 6.5 | I22: =IFERROR(IF(OR(D22="",E22="",$C22="평일"),"",IF((E22-D22)*24-'1.설정(통합)'!$B$14>8,(E22-D22)*24-'1.설정(통합)'!$B$14-8,0)),"") -> 0 | J22: =IFERROR(IF(OR(D22="",E22=""),"",MAX(0,(MIN(E22,TIME(24,0,0)+TIME(6,0,0))-MAX(D22,TIME(22,0,0)))*24)+MAX(0,(MIN(E22,TIME(6,0,0))-MAX(D22,TIME(0,0,0)))*24)),"") -> 0 | K22: 0.33333333 | L22: 0.64583333 | M22: =IFERROR(IF(OR(K22="",L22=""),"",IF($C22="평일",MIN(8,MAX(0,(L22-K22)*24-'1.설정(통합)'!$C$14)),0)),"") -> 0 | N22: =IFERROR(IF(OR(K22="",L22="",$C22="휴일"),"",IF((L22-K22)*24-'1.설정(통합)'!$C$14>8,(L22-K22)*24-'1.설정(통합)'!$C$14-8,0)),"") | O22: =IFERROR(IF(OR(K22="",L22="",$C22="평일"),"",MIN(8,MAX(0,(L22-K22)*24-'1.설정(통합)'!$C$14))),"") -> 6.5 | P22: =IFERROR(IF(OR(K22="",L22="",$C22="평일"),"",IF((L22-K22)*24-'1.설정(통합)'!$C$14>8,(L22-K22)*24-'1.설정(통합)'!$C$14-8,0)),"") -> 0 | Q22: =IFERROR(IF(OR(K22="",L22=""),"",MAX(0,(MIN(L22,TIME(24,0,0)+TIME(6,0,0))-MAX(K22,TIME(22,0,0)))*24)+MAX(0,(MIN(L22,TIME(6,0,0))-MAX(K22,TIME(0,0,0)))*24)),"") -> 0 | R22: 0.33333333 | S22: 0.64583333 | T22: =IFERROR(IF(OR(R22="",S22=""),"",IF($C22="평일",MIN(8,MAX(0,(S22-R22)*24-'1.설정(통합)'!$D$14)),0)),"") -> 0 | U22: =IFERROR(IF(OR(R22="",S22="",$C22="휴일"),"",IF((S22-R22)*24-'1.설정(통합)'!$D$14>8,(S22-R22)*24-'1.설정(통합)'!$D$14-8,0)),"") | V22: =IFERROR(IF(OR(R22="",S22="",$C22="평일"),"",MIN(8,MAX(0,(S22-R22)*24-'1.설정(통합)'!$D$14))),"") -> 6.5 | W22: =IFERROR(IF(OR(R22="",S22="",$C22="평일"),"",IF((S22-R22)*24-'1.설정(통합)'!$D$14>8,(S22-R22)*24-'1.설정(통합)'!$D$14-8,0)),"") -> 0 | X22: =IFERROR(IF(OR(R22="",S22=""),"",MAX(0,(MIN(S22,TIME(24,0,0)+TIME(6,0,0))-MAX(R22,TIME(22,0,0)))*24)+MAX(0,(MIN(S22,TIME(6,0,0))-MAX(R22,TIME(0,0,0)))*24)),"") -> 0 | Y22: 0.33333333 | Z22: 0.64583333 | AA22: =IFERROR(IF(OR(Y22="",Z22=""),"",IF($C22="평일",MIN(8,MAX(0,(Z22-Y22)*24-'1.설정(통합)'!$E$14)),0)),"") -> 0 | AB22: =IFERROR(IF(OR(Y22="",Z22="",$C22="휴일"),"",IF((Z22-Y22)*24-'1.설정(통합)'!$E$14>8,(Z22-Y22)*24-'1.설정(통합)'!$E$14-8,0)),"") | AC22: =IFERROR(IF(OR(Y22="",Z22="",$C22="평일"),"",MIN(8,MAX(0,(Z22-Y22)*24-'1.설정(통합)'!$E$14))),"") -> 6.5 | AD22: =IFERROR(IF(OR(Y22="",Z22="",$C22="평일"),"",IF((Z22-Y22)*24-'1.설정(통합)'!$E$14>8,(Z22-Y22)*24-'1.설정(통합)'!$E$14-8,0)),"") -> 0 | AE22: =IFERROR(IF(OR(Y22="",Z22=""),"",MAX(0,(MIN(Z22,TIME(24,0,0)+TIME(6,0,0))-MAX(Y22,TIME(22,0,0)))*24)+MAX(0,(MIN(Z22,TIME(6,0,0))-MAX(Y22,TIME(0,0,0)))*24)),"") -> 0 | AF22: 0.33333333 | AG22: 0.64583333 | AH22: =IFERROR(IF(OR(AF22="",AG22=""),"",IF($C22="평일",MIN(8,MAX(0,(AG22-AF22)*24-'1.설정(통합)'!$F$14)),0)),"") -> 0 | AI22: =IFERROR(IF(OR(AF22="",AG22="",$C22="휴일"),"",IF((AG22-AF22)*24-'1.설정(통합)'!$F$14>8,(AG22-AF22)*24-'1.설정(통합)'!$F$14-8,0)),"") | AJ22: =IFERROR(IF(OR(AF22="",AG22="",$C22="평일"),"",MIN(8,MAX(0,(AG22-AF22)*24-'1.설정(통합)'!$F$14))),"") -> 6.5 | AK22: =IFERROR(IF(OR(AF22="",AG22="",$C22="평일"),"",IF((AG22-AF22)*24-'1.설정(통합)'!$F$14>8,(AG22-AF22)*24-'1.설정(통합)'!$F$14-8,0)),"") -> 0 | AL22: =IFERROR(IF(OR(AF22="",AG22=""),"",MAX(0,(MIN(AG22,TIME(24,0,0)+TIME(6,0,0))-MAX(AF22,TIME(22,0,0)))*24)+MAX(0,(MIN(AG22,TIME(6,0,0))-MAX(AF22,TIME(0,0,0)))*24)),"") -> 0
A23: =IFERROR(IF(DAY(DATE(2000+$F$1,$H$1+1,0))<20,"",DATE(2000+$F$1,$H$1,20)),"") -> 46132 | B23: =IF(A23="","",CHOOSE(WEEKDAY(A23),"일","월","화","수","목","금","토")) -> 월 | C23: =IF(A23="","",IF(OR(WEEKDAY(A23,2)>5,COUNTIF('2.공휴일리스트'!$A$2:$A$1000,A23)>0),"휴일","평일")) -> 평일 | D23: 0.33333333 | E23: 0.70833333 | F23: =IFERROR(IF(OR(D23="",E23=""),"",IF($C23="평일",MIN(8,MAX(0,(E23-D23)*24-'1.설정(통합)'!$B$14)),0)),"") -> 8 | G23: =IFERROR(IF(OR(D23="",E23="",$C23="휴일"),"",IF((E23-D23)*24-'1.설정(통합)'!$B$14>8,(E23-D23)*24-'1.설정(통합)'!$B$14-8,0)),"") -> 0 | H23: =IFERROR(IF(OR(D23="",E23="",$C23="평일"),"",MIN(8,MAX(0,(E23-D23)*24-'1.설정(통합)'!$B$14))),"") | I23: =IFERROR(IF(OR(D23="",E23="",$C23="평일"),"",IF((E23-D23)*24-'1.설정(통합)'!$B$14>8,(E23-D23)*24-'1.설정(통합)'!$B$14-8,0)),"") | J23: =IFERROR(IF(OR(D23="",E23=""),"",MAX(0,(MIN(E23,TIME(24,0,0)+TIME(6,0,0))-MAX(D23,TIME(22,0,0)))*24)+MAX(0,(MIN(E23,TIME(6,0,0))-MAX(D23,TIME(0,0,0)))*24)),"") -> 0 | K23: 0.33333333 | L23: 0.70833333 | M23: =IFERROR(IF(OR(K23="",L23=""),"",IF($C23="평일",MIN(8,MAX(0,(L23-K23)*24-'1.설정(통합)'!$C$14)),0)),"") -> 8 | N23: =IFERROR(IF(OR(K23="",L23="",$C23="휴일"),"",IF((L23-K23)*24-'1.설정(통합)'!$C$14>8,(L23-K23)*24-'1.설정(통합)'!$C$14-8,0)),"") -> 0 | O23: =IFERROR(IF(OR(K23="",L23="",$C23="평일"),"",MIN(8,MAX(0,(L23-K23)*24-'1.설정(통합)'!$C$14))),"") | P23: =IFERROR(IF(OR(K23="",L23="",$C23="평일"),"",IF((L23-K23)*24-'1.설정(통합)'!$C$14>8,(L23-K23)*24-'1.설정(통합)'!$C$14-8,0)),"") | Q23: =IFERROR(IF(OR(K23="",L23=""),"",MAX(0,(MIN(L23,TIME(24,0,0)+TIME(6,0,0))-MAX(K23,TIME(22,0,0)))*24)+MAX(0,(MIN(L23,TIME(6,0,0))-MAX(K23,TIME(0,0,0)))*24)),"") -> 0 | R23: 0.33333333 | S23: 0.70833333 | T23: =IFERROR(IF(OR(R23="",S23=""),"",IF($C23="평일",MIN(8,MAX(0,(S23-R23)*24-'1.설정(통합)'!$D$14)),0)),"") -> 8 | U23: =IFERROR(IF(OR(R23="",S23="",$C23="휴일"),"",IF((S23-R23)*24-'1.설정(통합)'!$D$14>8,(S23-R23)*24-'1.설정(통합)'!$D$14-8,0)),"") -> 0 | V23: =IFERROR(IF(OR(R23="",S23="",$C23="평일"),"",MIN(8,MAX(0,(S23-R23)*24-'1.설정(통합)'!$D$14))),"") | W23: =IFERROR(IF(OR(R23="",S23="",$C23="평일"),"",IF((S23-R23)*24-'1.설정(통합)'!$D$14>8,(S23-R23)*24-'1.설정(통합)'!$D$14-8,0)),"") | X23: =IFERROR(IF(OR(R23="",S23=""),"",MAX(0,(MIN(S23,TIME(24,0,0)+TIME(6,0,0))-MAX(R23,TIME(22,0,0)))*24)+MAX(0,(MIN(S23,TIME(6,0,0))-MAX(R23,TIME(0,0,0)))*24)),"") -> 0 | Y23: 0.33333333 | Z23: 0.70833333 | AA23: =IFERROR(IF(OR(Y23="",Z23=""),"",IF($C23="평일",MIN(8,MAX(0,(Z23-Y23)*24-'1.설정(통합)'!$E$14)),0)),"") -> 8 | AB23: =IFERROR(IF(OR(Y23="",Z23="",$C23="휴일"),"",IF((Z23-Y23)*24-'1.설정(통합)'!$E$14>8,(Z23-Y23)*24-'1.설정(통합)'!$E$14-8,0)),"") -> 0 | AC23: =IFERROR(IF(OR(Y23="",Z23="",$C23="평일"),"",MIN(8,MAX(0,(Z23-Y23)*24-'1.설정(통합)'!$E$14))),"") | AD23: =IFERROR(IF(OR(Y23="",Z23="",$C23="평일"),"",IF((Z23-Y23)*24-'1.설정(통합)'!$E$14>8,(Z23-Y23)*24-'1.설정(통합)'!$E$14-8,0)),"") | AE23: =IFERROR(IF(OR(Y23="",Z23=""),"",MAX(0,(MIN(Z23,TIME(24,0,0)+TIME(6,0,0))-MAX(Y23,TIME(22,0,0)))*24)+MAX(0,(MIN(Z23,TIME(6,0,0))-MAX(Y23,TIME(0,0,0)))*24)),"") -> 0 | AF23: 0.33333333 | AG23: 0.70833333 | AH23: =IFERROR(IF(OR(AF23="",AG23=""),"",IF($C23="평일",MIN(8,MAX(0,(AG23-AF23)*24-'1.설정(통합)'!$F$14)),0)),"") -> 8 | AI23: =IFERROR(IF(OR(AF23="",AG23="",$C23="휴일"),"",IF((AG23-AF23)*24-'1.설정(통합)'!$F$14>8,(AG23-AF23)*24-'1.설정(통합)'!$F$14-8,0)),"") -> 0 | AJ23: =IFERROR(IF(OR(AF23="",AG23="",$C23="평일"),"",MIN(8,MAX(0,(AG23-AF23)*24-'1.설정(통합)'!$F$14))),"") | AK23: =IFERROR(IF(OR(AF23="",AG23="",$C23="평일"),"",IF((AG23-AF23)*24-'1.설정(통합)'!$F$14>8,(AG23-AF23)*24-'1.설정(통합)'!$F$14-8,0)),"") | AL23: =IFERROR(IF(OR(AF23="",AG23=""),"",MAX(0,(MIN(AG23,TIME(24,0,0)+TIME(6,0,0))-MAX(AF23,TIME(22,0,0)))*24)+MAX(0,(MIN(AG23,TIME(6,0,0))-MAX(AF23,TIME(0,0,0)))*24)),"") -> 0
A24: =IFERROR(IF(DAY(DATE(2000+$F$1,$H$1+1,0))<21,"",DATE(2000+$F$1,$H$1,21)),"") -> 46133 | B24: =IF(A24="","",CHOOSE(WEEKDAY(A24),"일","월","화","수","목","금","토")) -> 화 | C24: =IF(A24="","",IF(OR(WEEKDAY(A24,2)>5,COUNTIF('2.공휴일리스트'!$A$2:$A$1000,A24)>0),"휴일","평일")) -> 평일 | D24: 0.33333333 | E24: 0.70833333 | F24: =IFERROR(IF(OR(D24="",E24=""),"",IF($C24="평일",MIN(8,MAX(0,(E24-D24)*24-'1.설정(통합)'!$B$14)),0)),"") -> 8 | G24: =IFERROR(IF(OR(D24="",E24="",$C24="휴일"),"",IF((E24-D24)*24-'1.설정(통합)'!$B$14>8,(E24-D24)*24-'1.설정(통합)'!$B$14-8,0)),"") -> 0 | H24: =IFERROR(IF(OR(D24="",E24="",$C24="평일"),"",MIN(8,MAX(0,(E24-D24)*24-'1.설정(통합)'!$B$14))),"") | I24: =IFERROR(IF(OR(D24="",E24="",$C24="평일"),"",IF((E24-D24)*24-'1.설정(통합)'!$B$14>8,(E24-D24)*24-'1.설정(통합)'!$B$14-8,0)),"") | J24: =IFERROR(IF(OR(D24="",E24=""),"",MAX(0,(MIN(E24,TIME(24,0,0)+TIME(6,0,0))-MAX(D24,TIME(22,0,0)))*24)+MAX(0,(MIN(E24,TIME(6,0,0))-MAX(D24,TIME(0,0,0)))*24)),"") -> 0 | K24: 0.33333333 | L24: 0.70833333 | M24: =IFERROR(IF(OR(K24="",L24=""),"",IF($C24="평일",MIN(8,MAX(0,(L24-K24)*24-'1.설정(통합)'!$C$14)),0)),"") -> 8 | N24: =IFERROR(IF(OR(K24="",L24="",$C24="휴일"),"",IF((L24-K24)*24-'1.설정(통합)'!$C$14>8,(L24-K24)*24-'1.설정(통합)'!$C$14-8,0)),"") -> 0 | O24: =IFERROR(IF(OR(K24="",L24="",$C24="평일"),"",MIN(8,MAX(0,(L24-K24)*24-'1.설정(통합)'!$C$14))),"") | P24: =IFERROR(IF(OR(K24="",L24="",$C24="평일"),"",IF((L24-K24)*24-'1.설정(통합)'!$C$14>8,(L24-K24)*24-'1.설정(통합)'!$C$14-8,0)),"") | Q24: =IFERROR(IF(OR(K24="",L24=""),"",MAX(0,(MIN(L24,TIME(24,0,0)+TIME(6,0,0))-MAX(K24,TIME(22,0,0)))*24)+MAX(0,(MIN(L24,TIME(6,0,0))-MAX(K24,TIME(0,0,0)))*24)),"") -> 0 | R24: 0.33333333 | S24: 0.70833333 | T24: =IFERROR(IF(OR(R24="",S24=""),"",IF($C24="평일",MIN(8,MAX(0,(S24-R24)*24-'1.설정(통합)'!$D$14)),0)),"") -> 8 | U24: =IFERROR(IF(OR(R24="",S24="",$C24="휴일"),"",IF((S24-R24)*24-'1.설정(통합)'!$D$14>8,(S24-R24)*24-'1.설정(통합)'!$D$14-8,0)),"") -> 0 | V24: =IFERROR(IF(OR(R24="",S24="",$C24="평일"),"",MIN(8,MAX(0,(S24-R24)*24-'1.설정(통합)'!$D$14))),"") | W24: =IFERROR(IF(OR(R24="",S24="",$C24="평일"),"",IF((S24-R24)*24-'1.설정(통합)'!$D$14>8,(S24-R24)*24-'1.설정(통합)'!$D$14-8,0)),"") | X24: =IFERROR(IF(OR(R24="",S24=""),"",MAX(0,(MIN(S24,TIME(24,0,0)+TIME(6,0,0))-MAX(R24,TIME(22,0,0)))*24)+MAX(0,(MIN(S24,TIME(6,0,0))-MAX(R24,TIME(0,0,0)))*24)),"") -> 0 | Y24: 0.33333333 | Z24: 0.70833333 | AA24: =IFERROR(IF(OR(Y24="",Z24=""),"",IF($C24="평일",MIN(8,MAX(0,(Z24-Y24)*24-'1.설정(통합)'!$E$14)),0)),"") -> 8 | AB24: =IFERROR(IF(OR(Y24="",Z24="",$C24="휴일"),"",IF((Z24-Y24)*24-'1.설정(통합)'!$E$14>8,(Z24-Y24)*24-'1.설정(통합)'!$E$14-8,0)),"") -> 0 | AC24: =IFERROR(IF(OR(Y24="",Z24="",$C24="평일"),"",MIN(8,MAX(0,(Z24-Y24)*24-'1.설정(통합)'!$E$14))),"") | AD24: =IFERROR(IF(OR(Y24="",Z24="",$C24="평일"),"",IF((Z24-Y24)*24-'1.설정(통합)'!$E$14>8,(Z24-Y24)*24-'1.설정(통합)'!$E$14-8,0)),"") | AE24: =IFERROR(IF(OR(Y24="",Z24=""),"",MAX(0,(MIN(Z24,TIME(24,0,0)+TIME(6,0,0))-MAX(Y24,TIME(22,0,0)))*24)+MAX(0,(MIN(Z24,TIME(6,0,0))-MAX(Y24,TIME(0,0,0)))*24)),"") -> 0 | AF24: 0.33333333 | AG24: 0.70833333 | AH24: =IFERROR(IF(OR(AF24="",AG24=""),"",IF($C24="평일",MIN(8,MAX(0,(AG24-AF24)*24-'1.설정(통합)'!$F$14)),0)),"") -> 8 | AI24: =IFERROR(IF(OR(AF24="",AG24="",$C24="휴일"),"",IF((AG24-AF24)*24-'1.설정(통합)'!$F$14>8,(AG24-AF24)*24-'1.설정(통합)'!$F$14-8,0)),"") -> 0 | AJ24: =IFERROR(IF(OR(AF24="",AG24="",$C24="평일"),"",MIN(8,MAX(0,(AG24-AF24)*24-'1.설정(통합)'!$F$14))),"") | AK24: =IFERROR(IF(OR(AF24="",AG24="",$C24="평일"),"",IF((AG24-AF24)*24-'1.설정(통합)'!$F$14>8,(AG24-AF24)*24-'1.설정(통합)'!$F$14-8,0)),"") | AL24: =IFERROR(IF(OR(AF24="",AG24=""),"",MAX(0,(MIN(AG24,TIME(24,0,0)+TIME(6,0,0))-MAX(AF24,TIME(22,0,0)))*24)+MAX(0,(MIN(AG24,TIME(6,0,0))-MAX(AF24,TIME(0,0,0)))*24)),"") -> 0
A25: =IFERROR(IF(DAY(DATE(2000+$F$1,$H$1+1,0))<22,"",DATE(2000+$F$1,$H$1,22)),"") -> 46134 | B25: =IF(A25="","",CHOOSE(WEEKDAY(A25),"일","월","화","수","목","금","토")) -> 수 | C25: =IF(A25="","",IF(OR(WEEKDAY(A25,2)>5,COUNTIF('2.공휴일리스트'!$A$2:$A$1000,A25)>0),"휴일","평일")) -> 평일 | D25: 0.33333333 | E25: 0.8125 | F25: =IFERROR(IF(OR(D25="",E25=""),"",IF($C25="평일",MIN(8,MAX(0,(E25-D25)*24-'1.설정(통합)'!$B$14)),0)),"") -> 8 | G25: =IFERROR(IF(OR(D25="",E25="",$C25="휴일"),"",IF((E25-D25)*24-'1.설정(통합)'!$B$14>8,(E25-D25)*24-'1.설정(통합)'!$B$14-8,0)),"") -> 2.5 | H25: =IFERROR(IF(OR(D25="",E25="",$C25="평일"),"",MIN(8,MAX(0,(E25-D25)*24-'1.설정(통합)'!$B$14))),"") | I25: =IFERROR(IF(OR(D25="",E25="",$C25="평일"),"",IF((E25-D25)*24-'1.설정(통합)'!$B$14>8,(E25-D25)*24-'1.설정(통합)'!$B$14-8,0)),"") | J25: =IFERROR(IF(OR(D25="",E25=""),"",MAX(0,(MIN(E25,TIME(24,0,0)+TIME(6,0,0))-MAX(D25,TIME(22,0,0)))*24)+MAX(0,(MIN(E25,TIME(6,0,0))-MAX(D25,TIME(0,0,0)))*24)),"") -> 0 | K25: 0.33333333 | L25: 0.8125 | M25: =IFERROR(IF(OR(K25="",L25=""),"",IF($C25="평일",MIN(8,MAX(0,(L25-K25)*24-'1.설정(통합)'!$C$14)),0)),"") -> 8 | N25: =IFERROR(IF(OR(K25="",L25="",$C25="휴일"),"",IF((L25-K25)*24-'1.설정(통합)'!$C$14>8,(L25-K25)*24-'1.설정(통합)'!$C$14-8,0)),"") -> 2.5 | O25: =IFERROR(IF(OR(K25="",L25="",$C25="평일"),"",MIN(8,MAX(0,(L25-K25)*24-'1.설정(통합)'!$C$14))),"") | P25: =IFERROR(IF(OR(K25="",L25="",$C25="평일"),"",IF((L25-K25)*24-'1.설정(통합)'!$C$14>8,(L25-K25)*24-'1.설정(통합)'!$C$14-8,0)),"") | Q25: =IFERROR(IF(OR(K25="",L25=""),"",MAX(0,(MIN(L25,TIME(24,0,0)+TIME(6,0,0))-MAX(K25,TIME(22,0,0)))*24)+MAX(0,(MIN(L25,TIME(6,0,0))-MAX(K25,TIME(0,0,0)))*24)),"") -> 0 | R25: 0.33333333 | S25: 0.8125 | T25: =IFERROR(IF(OR(R25="",S25=""),"",IF($C25="평일",MIN(8,MAX(0,(S25-R25)*24-'1.설정(통합)'!$D$14)),0)),"") -> 8 | U25: =IFERROR(IF(OR(R25="",S25="",$C25="휴일"),"",IF((S25-R25)*24-'1.설정(통합)'!$D$14>8,(S25-R25)*24-'1.설정(통합)'!$D$14-8,0)),"") -> 2.5 | V25: =IFERROR(IF(OR(R25="",S25="",$C25="평일"),"",MIN(8,MAX(0,(S25-R25)*24-'1.설정(통합)'!$D$14))),"") | W25: =IFERROR(IF(OR(R25="",S25="",$C25="평일"),"",IF((S25-R25)*24-'1.설정(통합)'!$D$14>8,(S25-R25)*24-'1.설정(통합)'!$D$14-8,0)),"") | X25: =IFERROR(IF(OR(R25="",S25=""),"",MAX(0,(MIN(S25,TIME(24,0,0)+TIME(6,0,0))-MAX(R25,TIME(22,0,0)))*24)+MAX(0,(MIN(S25,TIME(6,0,0))-MAX(R25,TIME(0,0,0)))*24)),"") -> 0 | Y25: 0.33333333 | Z25: 0.8125 | AA25: =IFERROR(IF(OR(Y25="",Z25=""),"",IF($C25="평일",MIN(8,MAX(0,(Z25-Y25)*24-'1.설정(통합)'!$E$14)),0)),"") -> 8 | AB25: =IFERROR(IF(OR(Y25="",Z25="",$C25="휴일"),"",IF((Z25-Y25)*24-'1.설정(통합)'!$E$14>8,(Z25-Y25)*24-'1.설정(통합)'!$E$14-8,0)),"") -> 2.5 | AC25: =IFERROR(IF(OR(Y25="",Z25="",$C25="평일"),"",MIN(8,MAX(0,(Z25-Y25)*24-'1.설정(통합)'!$E$14))),"") | AD25: =IFERROR(IF(OR(Y25="",Z25="",$C25="평일"),"",IF((Z25-Y25)*24-'1.설정(통합)'!$E$14>8,(Z25-Y25)*24-'1.설정(통합)'!$E$14-8,0)),"") | AE25: =IFERROR(IF(OR(Y25="",Z25=""),"",MAX(0,(MIN(Z25,TIME(24,0,0)+TIME(6,0,0))-MAX(Y25,TIME(22,0,0)))*24)+MAX(0,(MIN(Z25,TIME(6,0,0))-MAX(Y25,TIME(0,0,0)))*24)),"") -> 0 | AF25: 0.33333333 | AG25: 0.8125 | AH25: =IFERROR(IF(OR(AF25="",AG25=""),"",IF($C25="평일",MIN(8,MAX(0,(AG25-AF25)*24-'1.설정(통합)'!$F$14)),0)),"") -> 8 | AI25: =IFERROR(IF(OR(AF25="",AG25="",$C25="휴일"),"",IF((AG25-AF25)*24-'1.설정(통합)'!$F$14>8,(AG25-AF25)*24-'1.설정(통합)'!$F$14-8,0)),"") -> 2.5 | AJ25: =IFERROR(IF(OR(AF25="",AG25="",$C25="평일"),"",MIN(8,MAX(0,(AG25-AF25)*24-'1.설정(통합)'!$F$14))),"") | AK25: =IFERROR(IF(OR(AF25="",AG25="",$C25="평일"),"",IF((AG25-AF25)*24-'1.설정(통합)'!$F$14>8,(AG25-AF25)*24-'1.설정(통합)'!$F$14-8,0)),"") | AL25: =IFERROR(IF(OR(AF25="",AG25=""),"",MAX(0,(MIN(AG25,TIME(24,0,0)+TIME(6,0,0))-MAX(AF25,TIME(22,0,0)))*24)+MAX(0,(MIN(AG25,TIME(6,0,0))-MAX(AF25,TIME(0,0,0)))*24)),"") -> 0
A26: =IFERROR(IF(DAY(DATE(2000+$F$1,$H$1+1,0))<23,"",DATE(2000+$F$1,$H$1,23)),"") -> 46135 | B26: =IF(A26="","",CHOOSE(WEEKDAY(A26),"일","월","화","수","목","금","토")) -> 목 | C26: =IF(A26="","",IF(OR(WEEKDAY(A26,2)>5,COUNTIF('2.공휴일리스트'!$A$2:$A$1000,A26)>0),"휴일","평일")) -> 평일 | D26: 0.33333333 | E26: 0.8125 | F26: =IFERROR(IF(OR(D26="",E26=""),"",IF($C26="평일",MIN(8,MAX(0,(E26-D26)*24-'1.설정(통합)'!$B$14)),0)),"") -> 8 | G26: =IFERROR(IF(OR(D26="",E26="",$C26="휴일"),"",IF((E26-D26)*24-'1.설정(통합)'!$B$14>8,(E26-D26)*24-'1.설정(통합)'!$B$14-8,0)),"") -> 2.5 | H26: =IFERROR(IF(OR(D26="",E26="",$C26="평일"),"",MIN(8,MAX(0,(E26-D26)*24-'1.설정(통합)'!$B$14))),"") | I26: =IFERROR(IF(OR(D26="",E26="",$C26="평일"),"",IF((E26-D26)*24-'1.설정(통합)'!$B$14>8,(E26-D26)*24-'1.설정(통합)'!$B$14-8,0)),"") | J26: =IFERROR(IF(OR(D26="",E26=""),"",MAX(0,(MIN(E26,TIME(24,0,0)+TIME(6,0,0))-MAX(D26,TIME(22,0,0)))*24)+MAX(0,(MIN(E26,TIME(6,0,0))-MAX(D26,TIME(0,0,0)))*24)),"") -> 0 | K26: 0.33333333 | L26: 0.8125 | M26: =IFERROR(IF(OR(K26="",L26=""),"",IF($C26="평일",MIN(8,MAX(0,(L26-K26)*24-'1.설정(통합)'!$C$14)),0)),"") -> 8 | N26: =IFERROR(IF(OR(K26="",L26="",$C26="휴일"),"",IF((L26-K26)*24-'1.설정(통합)'!$C$14>8,(L26-K26)*24-'1.설정(통합)'!$C$14-8,0)),"") -> 2.5 | O26: =IFERROR(IF(OR(K26="",L26="",$C26="평일"),"",MIN(8,MAX(0,(L26-K26)*24-'1.설정(통합)'!$C$14))),"") | P26: =IFERROR(IF(OR(K26="",L26="",$C26="평일"),"",IF((L26-K26)*24-'1.설정(통합)'!$C$14>8,(L26-K26)*24-'1.설정(통합)'!$C$14-8,0)),"") | Q26: =IFERROR(IF(OR(K26="",L26=""),"",MAX(0,(MIN(L26,TIME(24,0,0)+TIME(6,0,0))-MAX(K26,TIME(22,0,0)))*24)+MAX(0,(MIN(L26,TIME(6,0,0))-MAX(K26,TIME(0,0,0)))*24)),"") -> 0 | R26: 0.33333333 | S26: 0.8125 | T26: =IFERROR(IF(OR(R26="",S26=""),"",IF($C26="평일",MIN(8,MAX(0,(S26-R26)*24-'1.설정(통합)'!$D$14)),0)),"") -> 8 | U26: =IFERROR(IF(OR(R26="",S26="",$C26="휴일"),"",IF((S26-R26)*24-'1.설정(통합)'!$D$14>8,(S26-R26)*24-'1.설정(통합)'!$D$14-8,0)),"") -> 2.5 | V26: =IFERROR(IF(OR(R26="",S26="",$C26="평일"),"",MIN(8,MAX(0,(S26-R26)*24-'1.설정(통합)'!$D$14))),"") | W26: =IFERROR(IF(OR(R26="",S26="",$C26="평일"),"",IF((S26-R26)*24-'1.설정(통합)'!$D$14>8,(S26-R26)*24-'1.설정(통합)'!$D$14-8,0)),"") | X26: =IFERROR(IF(OR(R26="",S26=""),"",MAX(0,(MIN(S26,TIME(24,0,0)+TIME(6,0,0))-MAX(R26,TIME(22,0,0)))*24)+MAX(0,(MIN(S26,TIME(6,0,0))-MAX(R26,TIME(0,0,0)))*24)),"") -> 0 | Y26: 0.33333333 | Z26: 0.8125 | AA26: =IFERROR(IF(OR(Y26="",Z26=""),"",IF($C26="평일",MIN(8,MAX(0,(Z26-Y26)*24-'1.설정(통합)'!$E$14)),0)),"") -> 8 | AB26: =IFERROR(IF(OR(Y26="",Z26="",$C26="휴일"),"",IF((Z26-Y26)*24-'1.설정(통합)'!$E$14>8,(Z26-Y26)*24-'1.설정(통합)'!$E$14-8,0)),"") -> 2.5 | AC26: =IFERROR(IF(OR(Y26="",Z26="",$C26="평일"),"",MIN(8,MAX(0,(Z26-Y26)*24-'1.설정(통합)'!$E$14))),"") | AD26: =IFERROR(IF(OR(Y26="",Z26="",$C26="평일"),"",IF((Z26-Y26)*24-'1.설정(통합)'!$E$14>8,(Z26-Y26)*24-'1.설정(통합)'!$E$14-8,0)),"") | AE26: =IFERROR(IF(OR(Y26="",Z26=""),"",MAX(0,(MIN(Z26,TIME(24,0,0)+TIME(6,0,0))-MAX(Y26,TIME(22,0,0)))*24)+MAX(0,(MIN(Z26,TIME(6,0,0))-MAX(Y26,TIME(0,0,0)))*24)),"") -> 0 | AF26: 0.33333333 | AG26: 0.8125 | AH26: =IFERROR(IF(OR(AF26="",AG26=""),"",IF($C26="평일",MIN(8,MAX(0,(AG26-AF26)*24-'1.설정(통합)'!$F$14)),0)),"") -> 8 | AI26: =IFERROR(IF(OR(AF26="",AG26="",$C26="휴일"),"",IF((AG26-AF26)*24-'1.설정(통합)'!$F$14>8,(AG26-AF26)*24-'1.설정(통합)'!$F$14-8,0)),"") -> 2.5 | AJ26: =IFERROR(IF(OR(AF26="",AG26="",$C26="평일"),"",MIN(8,MAX(0,(AG26-AF26)*24-'1.설정(통합)'!$F$14))),"") | AK26: =IFERROR(IF(OR(AF26="",AG26="",$C26="평일"),"",IF((AG26-AF26)*24-'1.설정(통합)'!$F$14>8,(AG26-AF26)*24-'1.설정(통합)'!$F$14-8,0)),"") | AL26: =IFERROR(IF(OR(AF26="",AG26=""),"",MAX(0,(MIN(AG26,TIME(24,0,0)+TIME(6,0,0))-MAX(AF26,TIME(22,0,0)))*24)+MAX(0,(MIN(AG26,TIME(6,0,0))-MAX(AF26,TIME(0,0,0)))*24)),"") -> 0
A27: =IFERROR(IF(DAY(DATE(2000+$F$1,$H$1+1,0))<24,"",DATE(2000+$F$1,$H$1,24)),"") -> 46136 | B27: =IF(A27="","",CHOOSE(WEEKDAY(A27),"일","월","화","수","목","금","토")) -> 금 | C27: =IF(A27="","",IF(OR(WEEKDAY(A27,2)>5,COUNTIF('2.공휴일리스트'!$A$2:$A$1000,A27)>0),"휴일","평일")) -> 평일 | D27: 0.33333333 | E27: 0.8125 | F27: =IFERROR(IF(OR(D27="",E27=""),"",IF($C27="평일",MIN(8,MAX(0,(E27-D27)*24-'1.설정(통합)'!$B$14)),0)),"") -> 8 | G27: =IFERROR(IF(OR(D27="",E27="",$C27="휴일"),"",IF((E27-D27)*24-'1.설정(통합)'!$B$14>8,(E27-D27)*24-'1.설정(통합)'!$B$14-8,0)),"") -> 2.5 | H27: =IFERROR(IF(OR(D27="",E27="",$C27="평일"),"",MIN(8,MAX(0,(E27-D27)*24-'1.설정(통합)'!$B$14))),"") | I27: =IFERROR(IF(OR(D27="",E27="",$C27="평일"),"",IF((E27-D27)*24-'1.설정(통합)'!$B$14>8,(E27-D27)*24-'1.설정(통합)'!$B$14-8,0)),"") | J27: =IFERROR(IF(OR(D27="",E27=""),"",MAX(0,(MIN(E27,TIME(24,0,0)+TIME(6,0,0))-MAX(D27,TIME(22,0,0)))*24)+MAX(0,(MIN(E27,TIME(6,0,0))-MAX(D27,TIME(0,0,0)))*24)),"") -> 0 | K27: 0.33333333 | L27: 0.8125 | M27: =IFERROR(IF(OR(K27="",L27=""),"",IF($C27="평일",MIN(8,MAX(0,(L27-K27)*24-'1.설정(통합)'!$C$14)),0)),"") -> 8 | N27: =IFERROR(IF(OR(K27="",L27="",$C27="휴일"),"",IF((L27-K27)*24-'1.설정(통합)'!$C$14>8,(L27-K27)*24-'1.설정(통합)'!$C$14-8,0)),"") -> 2.5 | O27: =IFERROR(IF(OR(K27="",L27="",$C27="평일"),"",MIN(8,MAX(0,(L27-K27)*24-'1.설정(통합)'!$C$14))),"") | P27: =IFERROR(IF(OR(K27="",L27="",$C27="평일"),"",IF((L27-K27)*24-'1.설정(통합)'!$C$14>8,(L27-K27)*24-'1.설정(통합)'!$C$14-8,0)),"") | Q27: =IFERROR(IF(OR(K27="",L27=""),"",MAX(0,(MIN(L27,TIME(24,0,0)+TIME(6,0,0))-MAX(K27,TIME(22,0,0)))*24)+MAX(0,(MIN(L27,TIME(6,0,0))-MAX(K27,TIME(0,0,0)))*24)),"") -> 0 | R27: 0.33333333 | S27: 0.8125 | T27: =IFERROR(IF(OR(R27="",S27=""),"",IF($C27="평일",MIN(8,MAX(0,(S27-R27)*24-'1.설정(통합)'!$D$14)),0)),"") -> 8 | U27: =IFERROR(IF(OR(R27="",S27="",$C27="휴일"),"",IF((S27-R27)*24-'1.설정(통합)'!$D$14>8,(S27-R27)*24-'1.설정(통합)'!$D$14-8,0)),"") -> 2.5 | V27: =IFERROR(IF(OR(R27="",S27="",$C27="평일"),"",MIN(8,MAX(0,(S27-R27)*24-'1.설정(통합)'!$D$14))),"") | W27: =IFERROR(IF(OR(R27="",S27="",$C27="평일"),"",IF((S27-R27)*24-'1.설정(통합)'!$D$14>8,(S27-R27)*24-'1.설정(통합)'!$D$14-8,0)),"") | X27: =IFERROR(IF(OR(R27="",S27=""),"",MAX(0,(MIN(S27,TIME(24,0,0)+TIME(6,0,0))-MAX(R27,TIME(22,0,0)))*24)+MAX(0,(MIN(S27,TIME(6,0,0))-MAX(R27,TIME(0,0,0)))*24)),"") -> 0 | Y27: 0.33333333 | Z27: 0.8125 | AA27: =IFERROR(IF(OR(Y27="",Z27=""),"",IF($C27="평일",MIN(8,MAX(0,(Z27-Y27)*24-'1.설정(통합)'!$E$14)),0)),"") -> 8 | AB27: =IFERROR(IF(OR(Y27="",Z27="",$C27="휴일"),"",IF((Z27-Y27)*24-'1.설정(통합)'!$E$14>8,(Z27-Y27)*24-'1.설정(통합)'!$E$14-8,0)),"") -> 2.5 | AC27: =IFERROR(IF(OR(Y27="",Z27="",$C27="평일"),"",MIN(8,MAX(0,(Z27-Y27)*24-'1.설정(통합)'!$E$14))),"") | AD27: =IFERROR(IF(OR(Y27="",Z27="",$C27="평일"),"",IF((Z27-Y27)*24-'1.설정(통합)'!$E$14>8,(Z27-Y27)*24-'1.설정(통합)'!$E$14-8,0)),"") | AE27: =IFERROR(IF(OR(Y27="",Z27=""),"",MAX(0,(MIN(Z27,TIME(24,0,0)+TIME(6,0,0))-MAX(Y27,TIME(22,0,0)))*24)+MAX(0,(MIN(Z27,TIME(6,0,0))-MAX(Y27,TIME(0,0,0)))*24)),"") -> 0 | AF27: 0.33333333 | AG27: 0.8125 | AH27: =IFERROR(IF(OR(AF27="",AG27=""),"",IF($C27="평일",MIN(8,MAX(0,(AG27-AF27)*24-'1.설정(통합)'!$F$14)),0)),"") -> 8 | AI27: =IFERROR(IF(OR(AF27="",AG27="",$C27="휴일"),"",IF((AG27-AF27)*24-'1.설정(통합)'!$F$14>8,(AG27-AF27)*24-'1.설정(통합)'!$F$14-8,0)),"") -> 2.5 | AJ27: =IFERROR(IF(OR(AF27="",AG27="",$C27="평일"),"",MIN(8,MAX(0,(AG27-AF27)*24-'1.설정(통합)'!$F$14))),"") | AK27: =IFERROR(IF(OR(AF27="",AG27="",$C27="평일"),"",IF((AG27-AF27)*24-'1.설정(통합)'!$F$14>8,(AG27-AF27)*24-'1.설정(통합)'!$F$14-8,0)),"") | AL27: =IFERROR(IF(OR(AF27="",AG27=""),"",MAX(0,(MIN(AG27,TIME(24,0,0)+TIME(6,0,0))-MAX(AF27,TIME(22,0,0)))*24)+MAX(0,(MIN(AG27,TIME(6,0,0))-MAX(AF27,TIME(0,0,0)))*24)),"") -> 0
A28: =IFERROR(IF(DAY(DATE(2000+$F$1,$H$1+1,0))<25,"",DATE(2000+$F$1,$H$1,25)),"") -> 46137 | B28: =IF(A28="","",CHOOSE(WEEKDAY(A28),"일","월","화","수","목","금","토")) -> 토 | C28: =IF(A28="","",IF(OR(WEEKDAY(A28,2)>5,COUNTIF('2.공휴일리스트'!$A$2:$A$1000,A28)>0),"휴일","평일")) -> 휴일 | D28: 0.20833333 | E28: 0.75 | F28: =IFERROR(IF(OR(D28="",E28=""),"",IF($C28="평일",MIN(8,MAX(0,(E28-D28)*24-'1.설정(통합)'!$B$14)),0)),"") -> 0 | G28: =IFERROR(IF(OR(D28="",E28="",$C28="휴일"),"",IF((E28-D28)*24-'1.설정(통합)'!$B$14>8,(E28-D28)*24-'1.설정(통합)'!$B$14-8,0)),"") | H28: =IFERROR(IF(OR(D28="",E28="",$C28="평일"),"",MIN(8,MAX(0,(E28-D28)*24-'1.설정(통합)'!$B$14))),"") -> 8 | I28: =IFERROR(IF(OR(D28="",E28="",$C28="평일"),"",IF((E28-D28)*24-'1.설정(통합)'!$B$14>8,(E28-D28)*24-'1.설정(통합)'!$B$14-8,0)),"") -> 4 | J28: =IFERROR(IF(OR(D28="",E28=""),"",MAX(0,(MIN(E28,TIME(24,0,0)+TIME(6,0,0))-MAX(D28,TIME(22,0,0)))*24)+MAX(0,(MIN(E28,TIME(6,0,0))-MAX(D28,TIME(0,0,0)))*24)),"") -> 1 | K28: 0.33333333 | L28: 0.66666667 | M28: =IFERROR(IF(OR(K28="",L28=""),"",IF($C28="평일",MIN(8,MAX(0,(L28-K28)*24-'1.설정(통합)'!$C$14)),0)),"") -> 0 | N28: =IFERROR(IF(OR(K28="",L28="",$C28="휴일"),"",IF((L28-K28)*24-'1.설정(통합)'!$C$14>8,(L28-K28)*24-'1.설정(통합)'!$C$14-8,0)),"") | O28: =IFERROR(IF(OR(K28="",L28="",$C28="평일"),"",MIN(8,MAX(0,(L28-K28)*24-'1.설정(통합)'!$C$14))),"") -> 7 | P28: =IFERROR(IF(OR(K28="",L28="",$C28="평일"),"",IF((L28-K28)*24-'1.설정(통합)'!$C$14>8,(L28-K28)*24-'1.설정(통합)'!$C$14-8,0)),"") -> 0 | Q28: =IFERROR(IF(OR(K28="",L28=""),"",MAX(0,(MIN(L28,TIME(24,0,0)+TIME(6,0,0))-MAX(K28,TIME(22,0,0)))*24)+MAX(0,(MIN(L28,TIME(6,0,0))-MAX(K28,TIME(0,0,0)))*24)),"") -> 0 | R28: 0.33333333 | S28: 0.66666667 | T28: =IFERROR(IF(OR(R28="",S28=""),"",IF($C28="평일",MIN(8,MAX(0,(S28-R28)*24-'1.설정(통합)'!$D$14)),0)),"") -> 0 | U28: =IFERROR(IF(OR(R28="",S28="",$C28="휴일"),"",IF((S28-R28)*24-'1.설정(통합)'!$D$14>8,(S28-R28)*24-'1.설정(통합)'!$D$14-8,0)),"") | V28: =IFERROR(IF(OR(R28="",S28="",$C28="평일"),"",MIN(8,MAX(0,(S28-R28)*24-'1.설정(통합)'!$D$14))),"") -> 7 | W28: =IFERROR(IF(OR(R28="",S28="",$C28="평일"),"",IF((S28-R28)*24-'1.설정(통합)'!$D$14>8,(S28-R28)*24-'1.설정(통합)'!$D$14-8,0)),"") -> 0 | X28: =IFERROR(IF(OR(R28="",S28=""),"",MAX(0,(MIN(S28,TIME(24,0,0)+TIME(6,0,0))-MAX(R28,TIME(22,0,0)))*24)+MAX(0,(MIN(S28,TIME(6,0,0))-MAX(R28,TIME(0,0,0)))*24)),"") -> 0 | Y28: 0.33333333 | Z28: 0.75 | AA28: =IFERROR(IF(OR(Y28="",Z28=""),"",IF($C28="평일",MIN(8,MAX(0,(Z28-Y28)*24-'1.설정(통합)'!$E$14)),0)),"") -> 0 | AB28: =IFERROR(IF(OR(Y28="",Z28="",$C28="휴일"),"",IF((Z28-Y28)*24-'1.설정(통합)'!$E$14>8,(Z28-Y28)*24-'1.설정(통합)'!$E$14-8,0)),"") | AC28: =IFERROR(IF(OR(Y28="",Z28="",$C28="평일"),"",MIN(8,MAX(0,(Z28-Y28)*24-'1.설정(통합)'!$E$14))),"") -> 8 | AD28: =IFERROR(IF(OR(Y28="",Z28="",$C28="평일"),"",IF((Z28-Y28)*24-'1.설정(통합)'!$E$14>8,(Z28-Y28)*24-'1.설정(통합)'!$E$14-8,0)),"") -> 1 | AE28: =IFERROR(IF(OR(Y28="",Z28=""),"",MAX(0,(MIN(Z28,TIME(24,0,0)+TIME(6,0,0))-MAX(Y28,TIME(22,0,0)))*24)+MAX(0,(MIN(Z28,TIME(6,0,0))-MAX(Y28,TIME(0,0,0)))*24)),"") -> 0 | AF28: 0.33333333 | AG28: 0.66666667 | AH28: =IFERROR(IF(OR(AF28="",AG28=""),"",IF($C28="평일",MIN(8,MAX(0,(AG28-AF28)*24-'1.설정(통합)'!$F$14)),0)),"") -> 0 | AI28: =IFERROR(IF(OR(AF28="",AG28="",$C28="휴일"),"",IF((AG28-AF28)*24-'1.설정(통합)'!$F$14>8,(AG28-AF28)*24-'1.설정(통합)'!$F$14-8,0)),"") | AJ28: =IFERROR(IF(OR(AF28="",AG28="",$C28="평일"),"",MIN(8,MAX(0,(AG28-AF28)*24-'1.설정(통합)'!$F$14))),"") -> 7 | AK28: =IFERROR(IF(OR(AF28="",AG28="",$C28="평일"),"",IF((AG28-AF28)*24-'1.설정(통합)'!$F$14>8,(AG28-AF28)*24-'1.설정(통합)'!$F$14-8,0)),"") -> 0 | AL28: =IFERROR(IF(OR(AF28="",AG28=""),"",MAX(0,(MIN(AG28,TIME(24,0,0)+TIME(6,0,0))-MAX(AF28,TIME(22,0,0)))*24)+MAX(0,(MIN(AG28,TIME(6,0,0))-MAX(AF28,TIME(0,0,0)))*24)),"") -> 0
A29: =IFERROR(IF(DAY(DATE(2000+$F$1,$H$1+1,0))<26,"",DATE(2000+$F$1,$H$1,26)),"") -> 46138 | B29: =IF(A29="","",CHOOSE(WEEKDAY(A29),"일","월","화","수","목","금","토")) -> 일 | C29: =IF(A29="","",IF(OR(WEEKDAY(A29,2)>5,COUNTIF('2.공휴일리스트'!$A$2:$A$1000,A29)>0),"휴일","평일")) -> 휴일 | D29: 0.33333333 | E29: 0.64583333 | F29: =IFERROR(IF(OR(D29="",E29=""),"",IF($C29="평일",MIN(8,MAX(0,(E29-D29)*24-'1.설정(통합)'!$B$14)),0)),"") -> 0 | G29: =IFERROR(IF(OR(D29="",E29="",$C29="휴일"),"",IF((E29-D29)*24-'1.설정(통합)'!$B$14>8,(E29-D29)*24-'1.설정(통합)'!$B$14-8,0)),"") | H29: =IFERROR(IF(OR(D29="",E29="",$C29="평일"),"",MIN(8,MAX(0,(E29-D29)*24-'1.설정(통합)'!$B$14))),"") -> 6.5 | I29: =IFERROR(IF(OR(D29="",E29="",$C29="평일"),"",IF((E29-D29)*24-'1.설정(통합)'!$B$14>8,(E29-D29)*24-'1.설정(통합)'!$B$14-8,0)),"") -> 0 | J29: =IFERROR(IF(OR(D29="",E29=""),"",MAX(0,(MIN(E29,TIME(24,0,0)+TIME(6,0,0))-MAX(D29,TIME(22,0,0)))*24)+MAX(0,(MIN(E29,TIME(6,0,0))-MAX(D29,TIME(0,0,0)))*24)),"") -> 0 | K29: 0.33333333 | L29: 0.64583333 | M29: =IFERROR(IF(OR(K29="",L29=""),"",IF($C29="평일",MIN(8,MAX(0,(L29-K29)*24-'1.설정(통합)'!$C$14)),0)),"") -> 0 | N29: =IFERROR(IF(OR(K29="",L29="",$C29="휴일"),"",IF((L29-K29)*24-'1.설정(통합)'!$C$14>8,(L29-K29)*24-'1.설정(통합)'!$C$14-8,0)),"") | O29: =IFERROR(IF(OR(K29="",L29="",$C29="평일"),"",MIN(8,MAX(0,(L29-K29)*24-'1.설정(통합)'!$C$14))),"") -> 6.5 | P29: =IFERROR(IF(OR(K29="",L29="",$C29="평일"),"",IF((L29-K29)*24-'1.설정(통합)'!$C$14>8,(L29-K29)*24-'1.설정(통합)'!$C$14-8,0)),"") -> 0 | Q29: =IFERROR(IF(OR(K29="",L29=""),"",MAX(0,(MIN(L29,TIME(24,0,0)+TIME(6,0,0))-MAX(K29,TIME(22,0,0)))*24)+MAX(0,(MIN(L29,TIME(6,0,0))-MAX(K29,TIME(0,0,0)))*24)),"") -> 0 | T29: =IFERROR(IF(OR(R29="",S29=""),"",IF($C29="평일",MIN(8,MAX(0,(S29-R29)*24-'1.설정(통합)'!$D$14)),0)),"") | U29: =IFERROR(IF(OR(R29="",S29="",$C29="휴일"),"",IF((S29-R29)*24-'1.설정(통합)'!$D$14>8,(S29-R29)*24-'1.설정(통합)'!$D$14-8,0)),"") | V29: =IFERROR(IF(OR(R29="",S29="",$C29="평일"),"",MIN(8,MAX(0,(S29-R29)*24-'1.설정(통합)'!$D$14))),"") | W29: =IFERROR(IF(OR(R29="",S29="",$C29="평일"),"",IF((S29-R29)*24-'1.설정(통합)'!$D$14>8,(S29-R29)*24-'1.설정(통합)'!$D$14-8,0)),"") | X29: =IFERROR(IF(OR(R29="",S29=""),"",MAX(0,(MIN(S29,TIME(24,0,0)+TIME(6,0,0))-MAX(R29,TIME(22,0,0)))*24)+MAX(0,(MIN(S29,TIME(6,0,0))-MAX(R29,TIME(0,0,0)))*24)),"") | Y29: 0.33333333 | Z29: 0.64583333 | AA29: =IFERROR(IF(OR(Y29="",Z29=""),"",IF($C29="평일",MIN(8,MAX(0,(Z29-Y29)*24-'1.설정(통합)'!$E$14)),0)),"") -> 0 | AB29: =IFERROR(IF(OR(Y29="",Z29="",$C29="휴일"),"",IF((Z29-Y29)*24-'1.설정(통합)'!$E$14>8,(Z29-Y29)*24-'1.설정(통합)'!$E$14-8,0)),"") | AC29: =IFERROR(IF(OR(Y29="",Z29="",$C29="평일"),"",MIN(8,MAX(0,(Z29-Y29)*24-'1.설정(통합)'!$E$14))),"") -> 6.5 | AD29: =IFERROR(IF(OR(Y29="",Z29="",$C29="평일"),"",IF((Z29-Y29)*24-'1.설정(통합)'!$E$14>8,(Z29-Y29)*24-'1.설정(통합)'!$E$14-8,0)),"") -> 0 | AE29: =IFERROR(IF(OR(Y29="",Z29=""),"",MAX(0,(MIN(Z29,TIME(24,0,0)+TIME(6,0,0))-MAX(Y29,TIME(22,0,0)))*24)+MAX(0,(MIN(Z29,TIME(6,0,0))-MAX(Y29,TIME(0,0,0)))*24)),"") -> 0 | AF29: 0.33333333 | AG29: 0.64583333 | AH29: =IFERROR(IF(OR(AF29="",AG29=""),"",IF($C29="평일",MIN(8,MAX(0,(AG29-AF29)*24-'1.설정(통합)'!$F$14)),0)),"") -> 0 | AI29: =IFERROR(IF(OR(AF29="",AG29="",$C29="휴일"),"",IF((AG29-AF29)*24-'1.설정(통합)'!$F$14>8,(AG29-AF29)*24-'1.설정(통합)'!$F$14-8,0)),"") | AJ29: =IFERROR(IF(OR(AF29="",AG29="",$C29="평일"),"",MIN(8,MAX(0,(AG29-AF29)*24-'1.설정(통합)'!$F$14))),"") -> 6.5 | AK29: =IFERROR(IF(OR(AF29="",AG29="",$C29="평일"),"",IF((AG29-AF29)*24-'1.설정(통합)'!$F$14>8,(AG29-AF29)*24-'1.설정(통합)'!$F$14-8,0)),"") -> 0 | AL29: =IFERROR(IF(OR(AF29="",AG29=""),"",MAX(0,(MIN(AG29,TIME(24,0,0)+TIME(6,0,0))-MAX(AF29,TIME(22,0,0)))*24)+MAX(0,(MIN(AG29,TIME(6,0,0))-MAX(AF29,TIME(0,0,0)))*24)),"") -> 0
A30: =IFERROR(IF(DAY(DATE(2000+$F$1,$H$1+1,0))<27,"",DATE(2000+$F$1,$H$1,27)),"") -> 46139 | B30: =IF(A30="","",CHOOSE(WEEKDAY(A30),"일","월","화","수","목","금","토")) -> 월 | C30: =IF(A30="","",IF(OR(WEEKDAY(A30,2)>5,COUNTIF('2.공휴일리스트'!$A$2:$A$1000,A30)>0),"휴일","평일")) -> 평일 | D30: 0.33333333 | E30: 0.8125 | F30: =IFERROR(IF(OR(D30="",E30=""),"",IF($C30="평일",MIN(8,MAX(0,(E30-D30)*24-'1.설정(통합)'!$B$14)),0)),"") -> 8 | G30: =IFERROR(IF(OR(D30="",E30="",$C30="휴일"),"",IF((E30-D30)*24-'1.설정(통합)'!$B$14>8,(E30-D30)*24-'1.설정(통합)'!$B$14-8,0)),"") -> 2.5 | H30: =IFERROR(IF(OR(D30="",E30="",$C30="평일"),"",MIN(8,MAX(0,(E30-D30)*24-'1.설정(통합)'!$B$14))),"") | I30: =IFERROR(IF(OR(D30="",E30="",$C30="평일"),"",IF((E30-D30)*24-'1.설정(통합)'!$B$14>8,(E30-D30)*24-'1.설정(통합)'!$B$14-8,0)),"") | J30: =IFERROR(IF(OR(D30="",E30=""),"",MAX(0,(MIN(E30,TIME(24,0,0)+TIME(6,0,0))-MAX(D30,TIME(22,0,0)))*24)+MAX(0,(MIN(E30,TIME(6,0,0))-MAX(D30,TIME(0,0,0)))*24)),"") -> 0 | K30: 0.33333333 | L30: 0.8125 | M30: =IFERROR(IF(OR(K30="",L30=""),"",IF($C30="평일",MIN(8,MAX(0,(L30-K30)*24-'1.설정(통합)'!$C$14)),0)),"") -> 8 | N30: =IFERROR(IF(OR(K30="",L30="",$C30="휴일"),"",IF((L30-K30)*24-'1.설정(통합)'!$C$14>8,(L30-K30)*24-'1.설정(통합)'!$C$14-8,0)),"") -> 2.5 | O30: =IFERROR(IF(OR(K30="",L30="",$C30="평일"),"",MIN(8,MAX(0,(L30-K30)*24-'1.설정(통합)'!$C$14))),"") | P30: =IFERROR(IF(OR(K30="",L30="",$C30="평일"),"",IF((L30-K30)*24-'1.설정(통합)'!$C$14>8,(L30-K30)*24-'1.설정(통합)'!$C$14-8,0)),"") | Q30: =IFERROR(IF(OR(K30="",L30=""),"",MAX(0,(MIN(L30,TIME(24,0,0)+TIME(6,0,0))-MAX(K30,TIME(22,0,0)))*24)+MAX(0,(MIN(L30,TIME(6,0,0))-MAX(K30,TIME(0,0,0)))*24)),"") -> 0 | R30: 0.33333333 | S30: 0.8125 | T30: =IFERROR(IF(OR(R30="",S30=""),"",IF($C30="평일",MIN(8,MAX(0,(S30-R30)*24-'1.설정(통합)'!$D$14)),0)),"") -> 8 | U30: =IFERROR(IF(OR(R30="",S30="",$C30="휴일"),"",IF((S30-R30)*24-'1.설정(통합)'!$D$14>8,(S30-R30)*24-'1.설정(통합)'!$D$14-8,0)),"") -> 2.5 | V30: =IFERROR(IF(OR(R30="",S30="",$C30="평일"),"",MIN(8,MAX(0,(S30-R30)*24-'1.설정(통합)'!$D$14))),"") | W30: =IFERROR(IF(OR(R30="",S30="",$C30="평일"),"",IF((S30-R30)*24-'1.설정(통합)'!$D$14>8,(S30-R30)*24-'1.설정(통합)'!$D$14-8,0)),"") | X30: =IFERROR(IF(OR(R30="",S30=""),"",MAX(0,(MIN(S30,TIME(24,0,0)+TIME(6,0,0))-MAX(R30,TIME(22,0,0)))*24)+MAX(0,(MIN(S30,TIME(6,0,0))-MAX(R30,TIME(0,0,0)))*24)),"") -> 0 | Y30: 0.33333333 | Z30: 0.8125 | AA30: =IFERROR(IF(OR(Y30="",Z30=""),"",IF($C30="평일",MIN(8,MAX(0,(Z30-Y30)*24-'1.설정(통합)'!$E$14)),0)),"") -> 8 | AB30: =IFERROR(IF(OR(Y30="",Z30="",$C30="휴일"),"",IF((Z30-Y30)*24-'1.설정(통합)'!$E$14>8,(Z30-Y30)*24-'1.설정(통합)'!$E$14-8,0)),"") -> 2.5 | AC30: =IFERROR(IF(OR(Y30="",Z30="",$C30="평일"),"",MIN(8,MAX(0,(Z30-Y30)*24-'1.설정(통합)'!$E$14))),"") | AD30: =IFERROR(IF(OR(Y30="",Z30="",$C30="평일"),"",IF((Z30-Y30)*24-'1.설정(통합)'!$E$14>8,(Z30-Y30)*24-'1.설정(통합)'!$E$14-8,0)),"") | AE30: =IFERROR(IF(OR(Y30="",Z30=""),"",MAX(0,(MIN(Z30,TIME(24,0,0)+TIME(6,0,0))-MAX(Y30,TIME(22,0,0)))*24)+MAX(0,(MIN(Z30,TIME(6,0,0))-MAX(Y30,TIME(0,0,0)))*24)),"") -> 0 | AF30: 0.33333333 | AG30: 0.8125 | AH30: =IFERROR(IF(OR(AF30="",AG30=""),"",IF($C30="평일",MIN(8,MAX(0,(AG30-AF30)*24-'1.설정(통합)'!$F$14)),0)),"") -> 8 | AI30: =IFERROR(IF(OR(AF30="",AG30="",$C30="휴일"),"",IF((AG30-AF30)*24-'1.설정(통합)'!$F$14>8,(AG30-AF30)*24-'1.설정(통합)'!$F$14-8,0)),"") -> 2.5 | AJ30: =IFERROR(IF(OR(AF30="",AG30="",$C30="평일"),"",MIN(8,MAX(0,(AG30-AF30)*24-'1.설정(통합)'!$F$14))),"") | AK30: =IFERROR(IF(OR(AF30="",AG30="",$C30="평일"),"",IF((AG30-AF30)*24-'1.설정(통합)'!$F$14>8,(AG30-AF30)*24-'1.설정(통합)'!$F$14-8,0)),"") | AL30: =IFERROR(IF(OR(AF30="",AG30=""),"",MAX(0,(MIN(AG30,TIME(24,0,0)+TIME(6,0,0))-MAX(AF30,TIME(22,0,0)))*24)+MAX(0,(MIN(AG30,TIME(6,0,0))-MAX(AF30,TIME(0,0,0)))*24)),"") -> 0
A31: =IFERROR(IF(DAY(DATE(2000+$F$1,$H$1+1,0))<28,"",DATE(2000+$F$1,$H$1,28)),"") -> 46140 | B31: =IF(A31="","",CHOOSE(WEEKDAY(A31),"일","월","화","수","목","금","토")) -> 화 | C31: =IF(A31="","",IF(OR(WEEKDAY(A31,2)>5,COUNTIF('2.공휴일리스트'!$A$2:$A$1000,A31)>0),"휴일","평일")) -> 평일 | D31: 0.33333333 | E31: 0.8125 | F31: =IFERROR(IF(OR(D31="",E31=""),"",IF($C31="평일",MIN(8,MAX(0,(E31-D31)*24-'1.설정(통합)'!$B$14)),0)),"") -> 8 | G31: =IFERROR(IF(OR(D31="",E31="",$C31="휴일"),"",IF((E31-D31)*24-'1.설정(통합)'!$B$14>8,(E31-D31)*24-'1.설정(통합)'!$B$14-8,0)),"") -> 2.5 | H31: =IFERROR(IF(OR(D31="",E31="",$C31="평일"),"",MIN(8,MAX(0,(E31-D31)*24-'1.설정(통합)'!$B$14))),"") | I31: =IFERROR(IF(OR(D31="",E31="",$C31="평일"),"",IF((E31-D31)*24-'1.설정(통합)'!$B$14>8,(E31-D31)*24-'1.설정(통합)'!$B$14-8,0)),"") | J31: =IFERROR(IF(OR(D31="",E31=""),"",MAX(0,(MIN(E31,TIME(24,0,0)+TIME(6,0,0))-MAX(D31,TIME(22,0,0)))*24)+MAX(0,(MIN(E31,TIME(6,0,0))-MAX(D31,TIME(0,0,0)))*24)),"") -> 0 | K31: 0.33333333 | L31: 0.70833333 | M31: =IFERROR(IF(OR(K31="",L31=""),"",IF($C31="평일",MIN(8,MAX(0,(L31-K31)*24-'1.설정(통합)'!$C$14)),0)),"") -> 8 | N31: =IFERROR(IF(OR(K31="",L31="",$C31="휴일"),"",IF((L31-K31)*24-'1.설정(통합)'!$C$14>8,(L31-K31)*24-'1.설정(통합)'!$C$14-8,0)),"") -> 0 | O31: =IFERROR(IF(OR(K31="",L31="",$C31="평일"),"",MIN(8,MAX(0,(L31-K31)*24-'1.설정(통합)'!$C$14))),"") | P31: =IFERROR(IF(OR(K31="",L31="",$C31="평일"),"",IF((L31-K31)*24-'1.설정(통합)'!$C$14>8,(L31-K31)*24-'1.설정(통합)'!$C$14-8,0)),"") | Q31: =IFERROR(IF(OR(K31="",L31=""),"",MAX(0,(MIN(L31,TIME(24,0,0)+TIME(6,0,0))-MAX(K31,TIME(22,0,0)))*24)+MAX(0,(MIN(L31,TIME(6,0,0))-MAX(K31,TIME(0,0,0)))*24)),"") -> 0 | R31: 0.33333333 | S31: 0.8125 | T31: =IFERROR(IF(OR(R31="",S31=""),"",IF($C31="평일",MIN(8,MAX(0,(S31-R31)*24-'1.설정(통합)'!$D$14)),0)),"") -> 8 | U31: =IFERROR(IF(OR(R31="",S31="",$C31="휴일"),"",IF((S31-R31)*24-'1.설정(통합)'!$D$14>8,(S31-R31)*24-'1.설정(통합)'!$D$14-8,0)),"") -> 2.5 | V31: =IFERROR(IF(OR(R31="",S31="",$C31="평일"),"",MIN(8,MAX(0,(S31-R31)*24-'1.설정(통합)'!$D$14))),"") | W31: =IFERROR(IF(OR(R31="",S31="",$C31="평일"),"",IF((S31-R31)*24-'1.설정(통합)'!$D$14>8,(S31-R31)*24-'1.설정(통합)'!$D$14-8,0)),"") | X31: =IFERROR(IF(OR(R31="",S31=""),"",MAX(0,(MIN(S31,TIME(24,0,0)+TIME(6,0,0))-MAX(R31,TIME(22,0,0)))*24)+MAX(0,(MIN(S31,TIME(6,0,0))-MAX(R31,TIME(0,0,0)))*24)),"") -> 0 | Y31: 0.33333333 | Z31: 0.8125 | AA31: =IFERROR(IF(OR(Y31="",Z31=""),"",IF($C31="평일",MIN(8,MAX(0,(Z31-Y31)*24-'1.설정(통합)'!$E$14)),0)),"") -> 8 | AB31: =IFERROR(IF(OR(Y31="",Z31="",$C31="휴일"),"",IF((Z31-Y31)*24-'1.설정(통합)'!$E$14>8,(Z31-Y31)*24-'1.설정(통합)'!$E$14-8,0)),"") -> 2.5 | AC31: =IFERROR(IF(OR(Y31="",Z31="",$C31="평일"),"",MIN(8,MAX(0,(Z31-Y31)*24-'1.설정(통합)'!$E$14))),"") | AD31: =IFERROR(IF(OR(Y31="",Z31="",$C31="평일"),"",IF((Z31-Y31)*24-'1.설정(통합)'!$E$14>8,(Z31-Y31)*24-'1.설정(통합)'!$E$14-8,0)),"") | AE31: =IFERROR(IF(OR(Y31="",Z31=""),"",MAX(0,(MIN(Z31,TIME(24,0,0)+TIME(6,0,0))-MAX(Y31,TIME(22,0,0)))*24)+MAX(0,(MIN(Z31,TIME(6,0,0))-MAX(Y31,TIME(0,0,0)))*24)),"") -> 0 | AF31: 0.33333333 | AG31: 0.8125 | AH31: =IFERROR(IF(OR(AF31="",AG31=""),"",IF($C31="평일",MIN(8,MAX(0,(AG31-AF31)*24-'1.설정(통합)'!$F$14)),0)),"") -> 8 | AI31: =IFERROR(IF(OR(AF31="",AG31="",$C31="휴일"),"",IF((AG31-AF31)*24-'1.설정(통합)'!$F$14>8,(AG31-AF31)*24-'1.설정(통합)'!$F$14-8,0)),"") -> 2.5 | AJ31: =IFERROR(IF(OR(AF31="",AG31="",$C31="평일"),"",MIN(8,MAX(0,(AG31-AF31)*24-'1.설정(통합)'!$F$14))),"") | AK31: =IFERROR(IF(OR(AF31="",AG31="",$C31="평일"),"",IF((AG31-AF31)*24-'1.설정(통합)'!$F$14>8,(AG31-AF31)*24-'1.설정(통합)'!$F$14-8,0)),"") | AL31: =IFERROR(IF(OR(AF31="",AG31=""),"",MAX(0,(MIN(AG31,TIME(24,0,0)+TIME(6,0,0))-MAX(AF31,TIME(22,0,0)))*24)+MAX(0,(MIN(AG31,TIME(6,0,0))-MAX(AF31,TIME(0,0,0)))*24)),"") -> 0
A32: =IFERROR(IF(DAY(DATE(2000+$F$1,$H$1+1,0))<29,"",DATE(2000+$F$1,$H$1,29)),"") -> 46141 | B32: =IF(A32="","",CHOOSE(WEEKDAY(A32),"일","월","화","수","목","금","토")) -> 수 | C32: =IF(A32="","",IF(OR(WEEKDAY(A32,2)>5,COUNTIF('2.공휴일리스트'!$A$2:$A$1000,A32)>0),"휴일","평일")) -> 평일 | D32: 0.33333333 | E32: 0.8125 | F32: =IFERROR(IF(OR(D32="",E32=""),"",IF($C32="평일",MIN(8,MAX(0,(E32-D32)*24-'1.설정(통합)'!$B$14)),0)),"") -> 8 | G32: =IFERROR(IF(OR(D32="",E32="",$C32="휴일"),"",IF((E32-D32)*24-'1.설정(통합)'!$B$14>8,(E32-D32)*24-'1.설정(통합)'!$B$14-8,0)),"") -> 2.5 | H32: =IFERROR(IF(OR(D32="",E32="",$C32="평일"),"",MIN(8,MAX(0,(E32-D32)*24-'1.설정(통합)'!$B$14))),"") | I32: =IFERROR(IF(OR(D32="",E32="",$C32="평일"),"",IF((E32-D32)*24-'1.설정(통합)'!$B$14>8,(E32-D32)*24-'1.설정(통합)'!$B$14-8,0)),"") | J32: =IFERROR(IF(OR(D32="",E32=""),"",MAX(0,(MIN(E32,TIME(24,0,0)+TIME(6,0,0))-MAX(D32,TIME(22,0,0)))*24)+MAX(0,(MIN(E32,TIME(6,0,0))-MAX(D32,TIME(0,0,0)))*24)),"") -> 0 | K32: 0.33333333 | L32: 0.70833333 | M32: =IFERROR(IF(OR(K32="",L32=""),"",IF($C32="평일",MIN(8,MAX(0,(L32-K32)*24-'1.설정(통합)'!$C$14)),0)),"") -> 8 | N32: =IFERROR(IF(OR(K32="",L32="",$C32="휴일"),"",IF((L32-K32)*24-'1.설정(통합)'!$C$14>8,(L32-K32)*24-'1.설정(통합)'!$C$14-8,0)),"") -> 0 | O32: =IFERROR(IF(OR(K32="",L32="",$C32="평일"),"",MIN(8,MAX(0,(L32-K32)*24-'1.설정(통합)'!$C$14))),"") | P32: =IFERROR(IF(OR(K32="",L32="",$C32="평일"),"",IF((L32-K32)*24-'1.설정(통합)'!$C$14>8,(L32-K32)*24-'1.설정(통합)'!$C$14-8,0)),"") | Q32: =IFERROR(IF(OR(K32="",L32=""),"",MAX(0,(MIN(L32,TIME(24,0,0)+TIME(6,0,0))-MAX(K32,TIME(22,0,0)))*24)+MAX(0,(MIN(L32,TIME(6,0,0))-MAX(K32,TIME(0,0,0)))*24)),"") -> 0 | R32: 0.33333333 | S32: 0.70833333 | T32: =IFERROR(IF(OR(R32="",S32=""),"",IF($C32="평일",MIN(8,MAX(0,(S32-R32)*24-'1.설정(통합)'!$D$14)),0)),"") -> 8 | U32: =IFERROR(IF(OR(R32="",S32="",$C32="휴일"),"",IF((S32-R32)*24-'1.설정(통합)'!$D$14>8,(S32-R32)*24-'1.설정(통합)'!$D$14-8,0)),"") -> 0 | V32: =IFERROR(IF(OR(R32="",S32="",$C32="평일"),"",MIN(8,MAX(0,(S32-R32)*24-'1.설정(통합)'!$D$14))),"") | W32: =IFERROR(IF(OR(R32="",S32="",$C32="평일"),"",IF((S32-R32)*24-'1.설정(통합)'!$D$14>8,(S32-R32)*24-'1.설정(통합)'!$D$14-8,0)),"") | X32: =IFERROR(IF(OR(R32="",S32=""),"",MAX(0,(MIN(S32,TIME(24,0,0)+TIME(6,0,0))-MAX(R32,TIME(22,0,0)))*24)+MAX(0,(MIN(S32,TIME(6,0,0))-MAX(R32,TIME(0,0,0)))*24)),"") -> 0 | Y32: 0.33333333 | Z32: 0.8125 | AA32: =IFERROR(IF(OR(Y32="",Z32=""),"",IF($C32="평일",MIN(8,MAX(0,(Z32-Y32)*24-'1.설정(통합)'!$E$14)),0)),"") -> 8 | AB32: =IFERROR(IF(OR(Y32="",Z32="",$C32="휴일"),"",IF((Z32-Y32)*24-'1.설정(통합)'!$E$14>8,(Z32-Y32)*24-'1.설정(통합)'!$E$14-8,0)),"") -> 2.5 | AC32: =IFERROR(IF(OR(Y32="",Z32="",$C32="평일"),"",MIN(8,MAX(0,(Z32-Y32)*24-'1.설정(통합)'!$E$14))),"") | AD32: =IFERROR(IF(OR(Y32="",Z32="",$C32="평일"),"",IF((Z32-Y32)*24-'1.설정(통합)'!$E$14>8,(Z32-Y32)*24-'1.설정(통합)'!$E$14-8,0)),"") | AE32: =IFERROR(IF(OR(Y32="",Z32=""),"",MAX(0,(MIN(Z32,TIME(24,0,0)+TIME(6,0,0))-MAX(Y32,TIME(22,0,0)))*24)+MAX(0,(MIN(Z32,TIME(6,0,0))-MAX(Y32,TIME(0,0,0)))*24)),"") -> 0 | AF32: 0.33333333 | AG32: 0.70833333 | AH32: =IFERROR(IF(OR(AF32="",AG32=""),"",IF($C32="평일",MIN(8,MAX(0,(AG32-AF32)*24-'1.설정(통합)'!$F$14)),0)),"") -> 8 | AI32: =IFERROR(IF(OR(AF32="",AG32="",$C32="휴일"),"",IF((AG32-AF32)*24-'1.설정(통합)'!$F$14>8,(AG32-AF32)*24-'1.설정(통합)'!$F$14-8,0)),"") -> 0 | AJ32: =IFERROR(IF(OR(AF32="",AG32="",$C32="평일"),"",MIN(8,MAX(0,(AG32-AF32)*24-'1.설정(통합)'!$F$14))),"") | AK32: =IFERROR(IF(OR(AF32="",AG32="",$C32="평일"),"",IF((AG32-AF32)*24-'1.설정(통합)'!$F$14>8,(AG32-AF32)*24-'1.설정(통합)'!$F$14-8,0)),"") | AL32: =IFERROR(IF(OR(AF32="",AG32=""),"",MAX(0,(MIN(AG32,TIME(24,0,0)+TIME(6,0,0))-MAX(AF32,TIME(22,0,0)))*24)+MAX(0,(MIN(AG32,TIME(6,0,0))-MAX(AF32,TIME(0,0,0)))*24)),"") -> 0
A33: =IFERROR(IF(DAY(DATE(2000+$F$1,$H$1+1,0))<30,"",DATE(2000+$F$1,$H$1,30)),"") -> 46142 | B33: =IF(A33="","",CHOOSE(WEEKDAY(A33),"일","월","화","수","목","금","토")) -> 목 | C33: =IF(A33="","",IF(OR(WEEKDAY(A33,2)>5,COUNTIF('2.공휴일리스트'!$A$2:$A$1000,A33)>0),"휴일","평일")) -> 평일 | D33: 0.33333333 | E33: 0.70833333 | F33: =IFERROR(IF(OR(D33="",E33=""),"",IF($C33="평일",MIN(8,MAX(0,(E33-D33)*24-'1.설정(통합)'!$B$14)),0)),"") -> 8 | G33: =IFERROR(IF(OR(D33="",E33="",$C33="휴일"),"",IF((E33-D33)*24-'1.설정(통합)'!$B$14>8,(E33-D33)*24-'1.설정(통합)'!$B$14-8,0)),"") -> 0 | H33: =IFERROR(IF(OR(D33="",E33="",$C33="평일"),"",MIN(8,MAX(0,(E33-D33)*24-'1.설정(통합)'!$B$14))),"") | I33: =IFERROR(IF(OR(D33="",E33="",$C33="평일"),"",IF((E33-D33)*24-'1.설정(통합)'!$B$14>8,(E33-D33)*24-'1.설정(통합)'!$B$14-8,0)),"") | J33: =IFERROR(IF(OR(D33="",E33=""),"",MAX(0,(MIN(E33,TIME(24,0,0)+TIME(6,0,0))-MAX(D33,TIME(22,0,0)))*24)+MAX(0,(MIN(E33,TIME(6,0,0))-MAX(D33,TIME(0,0,0)))*24)),"") -> 0 | K33: 0.33333333 | L33: 0.70833333 | M33: =IFERROR(IF(OR(K33="",L33=""),"",IF($C33="평일",MIN(8,MAX(0,(L33-K33)*24-'1.설정(통합)'!$C$14)),0)),"") -> 8 | N33: =IFERROR(IF(OR(K33="",L33="",$C33="휴일"),"",IF((L33-K33)*24-'1.설정(통합)'!$C$14>8,(L33-K33)*24-'1.설정(통합)'!$C$14-8,0)),"") -> 0 | O33: =IFERROR(IF(OR(K33="",L33="",$C33="평일"),"",MIN(8,MAX(0,(L33-K33)*24-'1.설정(통합)'!$C$14))),"") | P33: =IFERROR(IF(OR(K33="",L33="",$C33="평일"),"",IF((L33-K33)*24-'1.설정(통합)'!$C$14>8,(L33-K33)*24-'1.설정(통합)'!$C$14-8,0)),"") | Q33: =IFERROR(IF(OR(K33="",L33=""),"",MAX(0,(MIN(L33,TIME(24,0,0)+TIME(6,0,0))-MAX(K33,TIME(22,0,0)))*24)+MAX(0,(MIN(L33,TIME(6,0,0))-MAX(K33,TIME(0,0,0)))*24)),"") -> 0 | R33: 0.33333333 | S33: 0.70833333 | T33: =IFERROR(IF(OR(R33="",S33=""),"",IF($C33="평일",MIN(8,MAX(0,(S33-R33)*24-'1.설정(통합)'!$D$14)),0)),"") -> 8 | U33: =IFERROR(IF(OR(R33="",S33="",$C33="휴일"),"",IF((S33-R33)*24-'1.설정(통합)'!$D$14>8,(S33-R33)*24-'1.설정(통합)'!$D$14-8,0)),"") -> 0 | V33: =IFERROR(IF(OR(R33="",S33="",$C33="평일"),"",MIN(8,MAX(0,(S33-R33)*24-'1.설정(통합)'!$D$14))),"") | W33: =IFERROR(IF(OR(R33="",S33="",$C33="평일"),"",IF((S33-R33)*24-'1.설정(통합)'!$D$14>8,(S33-R33)*24-'1.설정(통합)'!$D$14-8,0)),"") | X33: =IFERROR(IF(OR(R33="",S33=""),"",MAX(0,(MIN(S33,TIME(24,0,0)+TIME(6,0,0))-MAX(R33,TIME(22,0,0)))*24)+MAX(0,(MIN(S33,TIME(6,0,0))-MAX(R33,TIME(0,0,0)))*24)),"") -> 0 | Y33: 0.33333333 | Z33: 0.70833333 | AA33: =IFERROR(IF(OR(Y33="",Z33=""),"",IF($C33="평일",MIN(8,MAX(0,(Z33-Y33)*24-'1.설정(통합)'!$E$14)),0)),"") -> 8 | AB33: =IFERROR(IF(OR(Y33="",Z33="",$C33="휴일"),"",IF((Z33-Y33)*24-'1.설정(통합)'!$E$14>8,(Z33-Y33)*24-'1.설정(통합)'!$E$14-8,0)),"") -> 0 | AC33: =IFERROR(IF(OR(Y33="",Z33="",$C33="평일"),"",MIN(8,MAX(0,(Z33-Y33)*24-'1.설정(통합)'!$E$14))),"") | AD33: =IFERROR(IF(OR(Y33="",Z33="",$C33="평일"),"",IF((Z33-Y33)*24-'1.설정(통합)'!$E$14>8,(Z33-Y33)*24-'1.설정(통합)'!$E$14-8,0)),"") | AE33: =IFERROR(IF(OR(Y33="",Z33=""),"",MAX(0,(MIN(Z33,TIME(24,0,0)+TIME(6,0,0))-MAX(Y33,TIME(22,0,0)))*24)+MAX(0,(MIN(Z33,TIME(6,0,0))-MAX(Y33,TIME(0,0,0)))*24)),"") -> 0 | AF33: 0.33333333 | AG33: 0.70833333 | AH33: =IFERROR(IF(OR(AF33="",AG33=""),"",IF($C33="평일",MIN(8,MAX(0,(AG33-AF33)*24-'1.설정(통합)'!$F$14)),0)),"") -> 8 | AI33: =IFERROR(IF(OR(AF33="",AG33="",$C33="휴일"),"",IF((AG33-AF33)*24-'1.설정(통합)'!$F$14>8,(AG33-AF33)*24-'1.설정(통합)'!$F$14-8,0)),"") -> 0 | AJ33: =IFERROR(IF(OR(AF33="",AG33="",$C33="평일"),"",MIN(8,MAX(0,(AG33-AF33)*24-'1.설정(통합)'!$F$14))),"") | AK33: =IFERROR(IF(OR(AF33="",AG33="",$C33="평일"),"",IF((AG33-AF33)*24-'1.설정(통합)'!$F$14>8,(AG33-AF33)*24-'1.설정(통합)'!$F$14-8,0)),"") | AL33: =IFERROR(IF(OR(AF33="",AG33=""),"",MAX(0,(MIN(AG33,TIME(24,0,0)+TIME(6,0,0))-MAX(AF33,TIME(22,0,0)))*24)+MAX(0,(MIN(AG33,TIME(6,0,0))-MAX(AF33,TIME(0,0,0)))*24)),"") -> 0
A34: =IFERROR(IF(DAY(DATE(2000+$F$1,$H$1+1,0))<31,"",DATE(2000+$F$1,$H$1,31)),"") | B34: =IF(A34="","",CHOOSE(WEEKDAY(A34),"일","월","화","수","목","금","토")) | C34: =IF(A34="","",IF(OR(WEEKDAY(A34,2)>5,COUNTIF('2.공휴일리스트'!$A$2:$A$1000,A34)>0),"휴일","평일")) | F34: =IFERROR(IF(OR(D34="",E34=""),"",IF($C34="평일",MIN(8,MAX(0,(E34-D34)*24-'1.설정(통합)'!$B$14)),0)),"") | G34: =IFERROR(IF(OR(D34="",E34="",$C34="휴일"),"",IF((E34-D34)*24-'1.설정(통합)'!$B$14>8,(E34-D34)*24-'1.설정(통합)'!$B$14-8,0)),"") | H34: =IFERROR(IF(OR(D34="",E34="",$C34="평일"),"",MIN(8,MAX(0,(E34-D34)*24-'1.설정(통합)'!$B$14))),"") | I34: =IFERROR(IF(OR(D34="",E34="",$C34="평일"),"",IF((E34-D34)*24-'1.설정(통합)'!$B$14>8,(E34-D34)*24-'1.설정(통합)'!$B$14-8,0)),"") | J34: =IFERROR(IF(OR(D34="",E34=""),"",MAX(0,(MIN(E34,TIME(24,0,0)+TIME(6,0,0))-MAX(D34,TIME(22,0,0)))*24)+MAX(0,(MIN(E34,TIME(6,0,0))-MAX(D34,TIME(0,0,0)))*24)),"") | M34: =IFERROR(IF(OR(K34="",L34=""),"",IF($C34="평일",MIN(8,MAX(0,(L34-K34)*24-'1.설정(통합)'!$C$14)),0)),"") | N34: =IFERROR(IF(OR(K34="",L34="",$C34="휴일"),"",IF((L34-K34)*24-'1.설정(통합)'!$C$14>8,(L34-K34)*24-'1.설정(통합)'!$C$14-8,0)),"") | O34: =IFERROR(IF(OR(K34="",L34="",$C34="평일"),"",MIN(8,MAX(0,(L34-K34)*24-'1.설정(통합)'!$C$14))),"") | P34: =IFERROR(IF(OR(K34="",L34="",$C34="평일"),"",IF((L34-K34)*24-'1.설정(통합)'!$C$14>8,(L34-K34)*24-'1.설정(통합)'!$C$14-8,0)),"") | Q34: =IFERROR(IF(OR(K34="",L34=""),"",MAX(0,(MIN(L34,TIME(24,0,0)+TIME(6,0,0))-MAX(K34,TIME(22,0,0)))*24)+MAX(0,(MIN(L34,TIME(6,0,0))-MAX(K34,TIME(0,0,0)))*24)),"") | T34: =IFERROR(IF(OR(R34="",S34=""),"",IF($C34="평일",MIN(8,MAX(0,(S34-R34)*24-'1.설정(통합)'!$D$14)),0)),"") | U34: =IFERROR(IF(OR(R34="",S34="",$C34="휴일"),"",IF((S34-R34)*24-'1.설정(통합)'!$D$14>8,(S34-R34)*24-'1.설정(통합)'!$D$14-8,0)),"") | V34: =IFERROR(IF(OR(R34="",S34="",$C34="평일"),"",MIN(8,MAX(0,(S34-R34)*24-'1.설정(통합)'!$D$14))),"") | W34: =IFERROR(IF(OR(R34="",S34="",$C34="평일"),"",IF((S34-R34)*24-'1.설정(통합)'!$D$14>8,(S34-R34)*24-'1.설정(통합)'!$D$14-8,0)),"") | X34: =IFERROR(IF(OR(R34="",S34=""),"",MAX(0,(MIN(S34,TIME(24,0,0)+TIME(6,0,0))-MAX(R34,TIME(22,0,0)))*24)+MAX(0,(MIN(S34,TIME(6,0,0))-MAX(R34,TIME(0,0,0)))*24)),"") | AA34: =IFERROR(IF(OR(Y34="",Z34=""),"",IF($C34="평일",MIN(8,MAX(0,(Z34-Y34)*24-'1.설정(통합)'!$E$14)),0)),"") | AB34: =IFERROR(IF(OR(Y34="",Z34="",$C34="휴일"),"",IF((Z34-Y34)*24-'1.설정(통합)'!$E$14>8,(Z34-Y34)*24-'1.설정(통합)'!$E$14-8,0)),"") | AC34: =IFERROR(IF(OR(Y34="",Z34="",$C34="평일"),"",MIN(8,MAX(0,(Z34-Y34)*24-'1.설정(통합)'!$E$14))),"") | AD34: =IFERROR(IF(OR(Y34="",Z34="",$C34="평일"),"",IF((Z34-Y34)*24-'1.설정(통합)'!$E$14>8,(Z34-Y34)*24-'1.설정(통합)'!$E$14-8,0)),"") | AE34: =IFERROR(IF(OR(Y34="",Z34=""),"",MAX(0,(MIN(Z34,TIME(24,0,0)+TIME(6,0,0))-MAX(Y34,TIME(22,0,0)))*24)+MAX(0,(MIN(Z34,TIME(6,0,0))-MAX(Y34,TIME(0,0,0)))*24)),"") | AH34: =IFERROR(IF(OR(AF34="",AG34=""),"",IF($C34="평일",MIN(8,MAX(0,(AG34-AF34)*24-'1.설정(통합)'!$F$14)),0)),"") | AI34: =IFERROR(IF(OR(AF34="",AG34="",$C34="휴일"),"",IF((AG34-AF34)*24-'1.설정(통합)'!$F$14>8,(AG34-AF34)*24-'1.설정(통합)'!$F$14-8,0)),"") | AJ34: =IFERROR(IF(OR(AF34="",AG34="",$C34="평일"),"",MIN(8,MAX(0,(AG34-AF34)*24-'1.설정(통합)'!$F$14))),"") | AK34: =IFERROR(IF(OR(AF34="",AG34="",$C34="평일"),"",IF((AG34-AF34)*24-'1.설정(통합)'!$F$14>8,(AG34-AF34)*24-'1.설정(통합)'!$F$14-8,0)),"") | AL34: =IFERROR(IF(OR(AF34="",AG34=""),"",MAX(0,(MIN(AG34,TIME(24,0,0)+TIME(6,0,0))-MAX(AF34,TIME(22,0,0)))*24)+MAX(0,(MIN(AG34,TIME(6,0,0))-MAX(AF34,TIME(0,0,0)))*24)),"")
A35: 합 계 | F35: =SUM(F4:F34) -> 96 | G35: =SUM(G4:G34) -> 15 | H35: =SUM(H4:H34) -> 28 | I35: =SUM(I4:I34) -> 4 | J35: =SUM(J4:J34) -> 1 | M35: =SUM(M4:M34) -> 152 | N35: =SUM(N4:N34) -> 10 | O35: =SUM(O4:O34) -> 40.5 | P35: =SUM(P4:P34) -> 0 | Q35: =SUM(Q4:Q34) -> 0 | T35: =SUM(T4:T34) -> 120 | U35: =SUM(U4:U34) -> 12.5 | V35: =SUM(V4:V34) -> 34 | W35: =SUM(W4:W34) -> 0 | X35: =SUM(X4:X34) -> 0 | AA35: =SUM(AA4:AA34) -> 144 | AB35: =SUM(AB4:AB34) -> 27.5 | AC35: =SUM(AC4:AC34) -> 41.5 | AD35: =SUM(AD4:AD34) -> 1 | AE35: =SUM(AE4:AE34) -> 0 | AH35: =SUM(AH4:AH34) -> 152 | AI35: =SUM(AI4:AI34) -> 15 | AJ35: =SUM(AJ4:AJ34) -> 40.5 | AK35: =SUM(AK4:AK34) -> 0 | AL35: =SUM(AL4:AL34) -> 0

Sheet 4.급여명세서
B2: ▶ 사원 이름: | F2: (예: 따이, 린팍, 추언, 키우, 황피선)
B4: 2026년 5월 급여명세서
B5: 사원코드 : | C5: =IFERROR(INDEX('1.설정(통합)'!$B$4:$F$4,MATCH($C$2,'1.설정(통합)'!$B$1:$F$1,0)),"") | G5: 이 름 : | H5: =IFERROR(INDEX('1.설정(통합)'!$B$6:$F$6,MATCH($C$2,'1.설정(통합)'!$B$1:$F$1,0)),"") | L5: 입 사 일 : | M5: =IFERROR(INDEX('1.설정(통합)'!$B$3:$F$3,MATCH($C$2,'1.설정(통합)'!$B$1:$F$1,0)),"")
B6: 부 서 : | C6: =IFERROR(INDEX('1.설정(통합)'!$B$5:$F$5,MATCH($C$2,'1.설정(통합)'!$B$1:$F$1,0)),"") | G6: 직 급 : | H6: =IFERROR(INDEX('1.설정(통합)'!$B$7:$F$7,MATCH($C$2,'1.설정(통합)'!$B$1:$F$1,0)),"") | L6: 지 급 일 :
B7: 지 급 내 역 | L7: 공 제 내 역
B8: 내 역 | H8: 금 액 | L8: 내 역 | R8: 금 액
B9: 기본급 | H9: =IFERROR(SUMIF('3.출퇴근기록부(통합)'!$A:$A,$C$2,'3.출퇴근기록부(통합)'!$G:$G)*INDEX('1.설정(통합)'!$B$10:$F$10,MATCH($C$2,'1.설정(통합)'!$B$1:$F$1,0)),0) -> 0 | L9: 국민연금 | R9: =IFERROR(ROUNDDOWN((H9+H10+H11+H12+H13+H14)*0.045,-1),0) -> 0
B10: 연장수당 | H10: =IFERROR(SUMIF('3.출퇴근기록부(통합)'!$A:$A,$C$2,'3.출퇴근기록부(통합)'!$H:$H)*INDEX('1.설정(통합)'!$B$10:$F$10,MATCH($C$2,'1.설정(통합)'!$B$1:$F$1,0))*INDEX('1.설정(통합)'!$B$11:$F$11,MATCH($C$2,'1.설정(통합)'!$B$1:$F$1,0)),0) -> 0 | L10: 건강보험 | R10: =IFERROR(ROUNDDOWN((H9+H10+H11+H12+H13+H14)*0.03545,-1),0) -> 0
B11: 휴일수당 | H11: =IFERROR(SUMIF('3.출퇴근기록부(통합)'!$A:$A,$C$2,'3.출퇴근기록부(통합)'!$I:$I)*INDEX('1.설정(통합)'!$B$10:$F$10,MATCH($C$2,'1.설정(통합)'!$B$1:$F$1,0))*INDEX('1.설정(통합)'!$B$11:$F$11,MATCH($C$2,'1.설정(통합)'!$B$1:$F$1,0)),0) -> 0 | L11: 장기요양 | R11: =IFERROR(ROUNDDOWN(R10*0.1295,-1),0) -> 0
B12: 휴일연장수당 | H12: =IFERROR(SUMIF('3.출퇴근기록부(통합)'!$A:$A,$C$2,'3.출퇴근기록부(통합)'!$J:$J)*INDEX('1.설정(통합)'!$B$10:$F$10,MATCH($C$2,'1.설정(통합)'!$B$1:$F$1,0))*INDEX('1.설정(통합)'!$B$12:$F$12,MATCH($C$2,'1.설정(통합)'!$B$1:$F$1,0)),0) -> 0 | L12: 고용보험 | R12: =IFERROR(ROUNDDOWN((H9+H10+H11+H12+H13+H14)*0.009,-1),0) -> 0
B13: 심야수당 | H13: =IFERROR(SUMIF('3.출퇴근기록부(통합)'!$A:$A,$C$2,'3.출퇴근기록부(통합)'!$K:$K)*INDEX('1.설정(통합)'!$B$10:$F$10,MATCH($C$2,'1.설정(통합)'!$B$1:$F$1,0))*INDEX('1.설정(통합)'!$B$13:$F$13,MATCH($C$2,'1.설정(통합)'!$B$1:$F$1,0)),0) -> 0 | L13: 소 득 세
B14: 성과금 | H14: =IFERROR(INDEX('1.설정(통합)'!$B$16:$F$16,MATCH($C$2,'1.설정(통합)'!$B$1:$F$1,0)),"") | L14: 지방소득세 | R14: =IFERROR(IF(R13="","",ROUNDDOWN(R13*0.1,-1)),0)
B15: 식 대 | H15: =IFERROR(INDEX('1.설정(통합)'!$B$17:$F$17,MATCH($C$2,'1.설정(통합)'!$B$1:$F$1,0)),"") | L15: 숙소료 | R15: =IFERROR(INDEX('1.설정(통합)'!$B$19:$F$19,MATCH($C$2,'1.설정(통합)'!$B$1:$F$1,0)),"")
B16: 자가운전보조비 | H16: =IFERROR(INDEX('1.설정(통합)'!$B$18:$F$18,MATCH($C$2,'1.설정(통합)'!$B$1:$F$1,0)),"") | L16: 가 불 금 | R16: =IFERROR(INDEX('1.설정(통합)'!$B$20:$F$20,MATCH($C$2,'1.설정(통합)'!$B$1:$F$1,0)),"")
L18: 공 제 액 계 | R18: =IFERROR(SUM(R9:R16),0) -> 0
B19: 지 급 액 계 | H19: =IFERROR(SUM(H9:H16),0) -> 0 | L19: 실 지 급 액 | R19: =IFERROR(H19-R18,"") -> 0
B20: 예 금 주 : | C20: =IFERROR(INDEX('1.설정(통합)'!$B$8:$F$8,MATCH($C$2,'1.설정(통합)'!$B$1:$F$1,0)),"") | H20: 계좌번호 : | I20: =IFERROR(INDEX('1.설정(통합)'!$B$9:$F$9,MATCH($C$2,'1.설정(통합)'!$B$1:$F$1,0)),"")
B21: 귀하의 노고에 감사드립니다.
B22: 씨엠(CM)건설
